Order ID,Date,Customer ID,Product,Category,Region,Quantity,Unit Price,Revenue
ORD00209,2025-01-01,CUST0192,USB-C Hub,Electronics,North,4,1299,5018.97
ORD01757,2025-01-01,CUST0130,Running Shoes,Sportswear,South,1,3499,3642.44
ORD00675,2025-01-01,CUST0098,Mechanical Keyboard,Electronics,South,1,2499,2460.04
ORD00996,2025-01-01,CUST0074,Office Chair,Furniture,Central,2,6499,12768.19
ORD02280,2025-01-01,CUST0191,Desk Lamp,Furniture,Central,2,899,1744.87
ORD02868,2025-01-01,CUST0099,Desk Lamp,Furniture,East,3,899,2655.18
ORD00068,2025-01-01,CUST0166,USB-C Hub,Electronics,Central,3,1299,4040.64
ORD02881,2025-01-02,CUST0062,Desk Lamp,Furniture,East,4,899,3621.99
ORD01950,2025-01-02,CUST0176,Bluetooth Speaker,Electronics,Central,2,1899,3929.4
ORD00727,2025-01-02,CUST0112,Notebook Set,Stationery,West,1,199,203.54
ORD00875,2025-01-02,CUST0148,Desk Lamp,Furniture,South,4,899,3710.41
ORD01078,2025-01-02,CUST0057,Sticky Notes Pack,Stationery,North,1,99,100.03
ORD01805,2025-01-02,CUST0148,USB-C Hub,Electronics,North,4,1299,5067.14
ORD00215,2025-01-03,CUST0012,Office Chair,Furniture,Central,3,6499,19187.48
ORD02684,2025-01-03,CUST0099,Sunglasses,Accessories,Central,2,1299,2481.26
ORD02371,2025-01-03,CUST0031,Mechanical Keyboard,Electronics,South,4,2499,9787.54
ORD02718,2025-01-03,CUST0077,Mechanical Keyboard,Electronics,Central,1,2499,2458.0
ORD00418,2025-01-04,CUST0109,USB-C Hub,Electronics,Central,2,1299,2543.45
ORD02427,2025-01-04,CUST0153,Desk Lamp,Furniture,North,3,899,2690.66
ORD02620,2025-01-04,CUST0092,Standing Desk,Furniture,Central,1,12999,12689.43
ORD01365,2025-01-05,CUST0115,Mechanical Keyboard,Electronics,South,1,2499,2618.29
ORD00400,2025-01-05,CUST0155,Bluetooth Speaker,Electronics,South,2,1899,3971.92
ORD00086,2025-01-05,CUST0001,Mechanical Keyboard,Electronics,Central,1,2499,2396.22
ORD01517,2025-01-06,CUST0099,Whiteboard,Stationery,South,1,1499,1512.72
ORD02529,2025-01-06,CUST0060,Sticky Notes Pack,Stationery,Central,2,99,203.84
ORD02525,2025-01-06,CUST0106,Backpack,Accessories,North,1,1999,1951.72
ORD02247,2025-01-06,CUST0050,Whiteboard,Stationery,Central,1,1499,1476.5
ORD00518,2025-01-06,CUST0093,Backpack,Accessories,Central,3,1999,6134.61
ORD02522,2025-01-07,CUST0115,Standing Desk,Furniture,East,4,12999,52560.11
ORD00887,2025-01-07,CUST0178,USB-C Hub,Electronics,East,2,1299,2584.31
ORD02995,2025-01-07,CUST0030,Bluetooth Speaker,Electronics,South,2,1899,3658.6
ORD00920,2025-01-08,CUST0040,Desk Lamp,Furniture,South,3,899,2663.61
ORD01608,2025-01-08,CUST0072,Whiteboard,Stationery,East,1,1499,1549.32
ORD01197,2025-01-08,CUST0183,Wireless Mouse,Electronics,North,1,799,766.62
ORD02890,2025-01-08,CUST0183,Running Shoes,Sportswear,East,1,3499,3542.79
ORD02822,2025-01-08,CUST0109,Yoga Mat,Sportswear,West,1,999,1024.09
ORD01110,2025-01-08,CUST0177,Mechanical Keyboard,Electronics,South,4,2499,10346.03
ORD00841,2025-01-09,CUST0157,Backpack,Accessories,Central,3,1999,6128.57
ORD01406,2025-01-09,CUST0061,Bluetooth Speaker,Electronics,North,1,1899,1812.39
ORD01508,2025-01-09,CUST0107,Wireless Mouse,Electronics,South,1,799,815.72
ORD00654,2025-01-10,CUST0015,Backpack,Accessories,West,2,1999,3942.18
ORD02166,2025-01-10,CUST0200,Mechanical Keyboard,Electronics,North,3,2499,7694.43
ORD00102,2025-01-10,CUST0013,Office Chair,Furniture,South,1,6499,6817.43
ORD00373,2025-01-10,CUST0014,Bluetooth Speaker,Electronics,South,1,1899,1933.68
ORD00955,2025-01-10,CUST0195,Yoga Mat,Sportswear,South,2,999,1956.96
ORD01792,2025-01-10,CUST0095,Mechanical Keyboard,Electronics,West,3,2499,7750.22
ORD01022,2025-01-10,CUST0133,Wireless Mouse,Electronics,East,2,799,1580.74
ORD00947,2025-01-11,CUST0185,Whiteboard,Stationery,Central,1,1499,1545.11
ORD00744,2025-01-11,CUST0168,Yoga Mat,Sportswear,Central,1,999,981.63
ORD01955,2025-01-12,CUST0098,Sunglasses,Accessories,North,2,1299,2587.42
ORD00569,2025-01-12,CUST0069,Water Bottle,Sportswear,South,3,449,1389.74
ORD02305,2025-01-12,CUST0018,Sunglasses,Accessories,Central,1,1299,1309.77
ORD01614,2025-01-12,CUST0030,Standing Desk,Furniture,West,1,12999,12696.55
ORD02326,2025-01-12,CUST0065,Bluetooth Speaker,Electronics,South,1,1899,1881.21
ORD00189,2025-01-12,CUST0173,Desk Lamp,Furniture,Central,3,899,2688.96
ORD01048,2025-01-13,CUST0156,Running Shoes,Sportswear,South,3,3499,10471.87
ORD02271,2025-01-13,CUST0156,Mechanical Keyboard,Electronics,West,1,2499,2494.57
ORD01278,2025-01-13,CUST0071,Running Shoes,Sportswear,West,2,3499,6918.12
ORD01418,2025-01-13,CUST0131,USB-C Hub,Electronics,North,1,1299,1272.77
ORD02989,2025-01-13,CUST0185,Yoga Mat,Sportswear,East,3,999,3120.2
ORD02528,2025-01-13,CUST0081,Standing Desk,Furniture,Central,1,12999,13395.93
ORD00877,2025-01-13,CUST0076,USB-C Hub,Electronics,Central,1,1299,1359.06
ORD01025,2025-01-13,CUST0038,Yoga Mat,Sportswear,West,1,999,1038.38
ORD01232,2025-01-14,CUST0187,Desk Lamp,Furniture,North,3,899,2562.58
ORD01898,2025-01-14,CUST0001,Running Shoes,Sportswear,South,1,3499,3646.15
ORD02208,2025-01-14,CUST0078,Running Shoes,Sportswear,North,1,3499,3366.0
ORD01725,2025-01-14,CUST0111,USB-C Hub,Electronics,East,1,1299,1347.33
ORD02510,2025-01-14,CUST0079,Office Chair,Furniture,South,1,6499,6692.75
ORD01291,2025-01-14,CUST0199,Office Chair,Furniture,East,1,6499,6607.28
ORD00092,2025-01-15,CUST0017,Whiteboard,Stationery,South,1,1499,1508.59
ORD01806,2025-01-15,CUST0021,Mechanical Keyboard,Electronics,Central,2,2499,5168.38
ORD01754,2025-01-15,CUST0104,Mechanical Keyboard,Electronics,South,1,2499,2618.36
ORD01920,2025-01-15,CUST0192,Bluetooth Speaker,Electronics,Central,3,1899,5722.21
ORD01036,2025-01-15,CUST0052,Sticky Notes Pack,Stationery,West,1,99,94.95
ORD00011,2025-01-15,CUST0088,Water Bottle,Sportswear,North,1,449,470.86
ORD02373,2025-01-15,CUST0197,Wireless Mouse,Electronics,South,3,799,2373.59
ORD00401,2025-01-15,CUST0003,Water Bottle,Sportswear,Central,6,449,2682.85
ORD00742,2025-01-16,CUST0077,Desk Lamp,Furniture,North,4,899,3739.57
ORD01758,2025-01-16,CUST0066,Sunglasses,Accessories,East,2,1299,2641.56
ORD00146,2025-01-16,CUST0007,Desk Lamp,Furniture,North,3,899,2594.65
ORD02457,2025-01-16,CUST0058,Backpack,Accessories,North,2,1999,4156.74
ORD01555,2025-01-16,CUST0001,Office Chair,Furniture,North,6,6499,38680.25
ORD00885,2025-01-17,CUST0196,USB-C Hub,Electronics,South,2,1299,2554.89
ORD01037,2025-01-17,CUST0070,Sunglasses,Accessories,West,3,1299,3794.37
ORD02882,2025-01-17,CUST0167,Standing Desk,Furniture,West,2,12999,27020.61
ORD00144,2025-01-17,CUST0083,Sticky Notes Pack,Stationery,Central,2,99,207.07
ORD00125,2025-01-18,CUST0166,Wireless Mouse,Electronics,East,3,799,2373.21
ORD01480,2025-01-18,CUST0039,Standing Desk,Furniture,East,2,12999,27272.87
ORD02976,2025-01-18,CUST0155,Yoga Mat,Sportswear,East,2,999,2051.68
ORD01899,2025-01-19,CUST0058,Notebook Set,Stationery,North,1,199,208.75
ORD00774,2025-01-19,CUST0168,Wireless Mouse,Electronics,Central,3,799,2488.71
ORD00769,2025-01-19,CUST0040,Wireless Mouse,Electronics,East,1,799,805.28
ORD00436,2025-01-19,CUST0196,Standing Desk,Furniture,North,1,12999,12835.11
ORD01195,2025-01-19,CUST0095,Mechanical Keyboard,Electronics,East,3,2499,7136.77
ORD01108,2025-01-19,CUST0192,Bluetooth Speaker,Electronics,West,1,1899,1945.77
ORD01129,2025-01-19,CUST0194,Wireless Mouse,Electronics,East,1,799,818.83
ORD00040,2025-01-20,CUST0142,Wireless Mouse,Electronics,West,1,799,790.75
ORD00994,2025-01-20,CUST0122,Whiteboard,Stationery,North,1,1499,1504.32
ORD02167,2025-01-21,CUST0074,Sticky Notes Pack,Stationery,West,3,99,282.82
ORD01102,2025-01-21,CUST0192,USB-C Hub,Electronics,Central,1,1299,1293.31
ORD01916,2025-01-21,CUST0068,Backpack,Accessories,Central,2,1999,3903.34
ORD00809,2025-01-21,CUST0082,Desk Lamp,Furniture,East,2,899,1855.87
ORD01868,2025-01-21,CUST0083,Wireless Mouse,Electronics,South,1,799,837.67
ORD01466,2025-01-21,CUST0008,Backpack,Accessories,West,1,1999,1904.75
ORD00170,2025-01-22,CUST0014,Sticky Notes Pack,Stationery,Central,1,99,102.49
ORD01866,2025-01-22,CUST0069,Standing Desk,Furniture,Central,1,12999,12606.96
ORD01229,2025-01-22,CUST0109,Yoga Mat,Sportswear,East,2,999,2089.16
ORD00174,2025-01-22,CUST0021,Running Shoes,Sportswear,Central,2,3499,6950.65
ORD00188,2025-01-22,CUST0014,Sticky Notes Pack,Stationery,East,1,99,95.67
ORD00965,2025-01-22,CUST0051,Whiteboard,Stationery,Central,1,1499,1499.25
ORD01559,2025-01-23,CUST0043,Desk Lamp,Furniture,West,2,899,1740.74
ORD01888,2025-01-24,CUST0086,Wireless Mouse,Electronics,East,3,799,2434.86
ORD00974,2025-01-24,CUST0024,Yoga Mat,Sportswear,Central,1,999,1034.84
ORD01225,2025-01-24,CUST0132,Whiteboard,Stationery,South,1,1499,1517.91
ORD00892,2025-01-25,CUST0064,Running Shoes,Sportswear,West,3,3499,10663.8
ORD00564,2025-01-25,CUST0011,Backpack,Accessories,Central,1,1999,1914.4
ORD02837,2025-01-25,CUST0197,USB-C Hub,Electronics,Central,2,1299,2517.81
ORD01371,2025-01-25,CUST0178,Standing Desk,Furniture,South,1,12999,12439.26
ORD01234,2025-01-26,CUST0077,Sunglasses,Accessories,North,2,1299,2649.43
ORD01324,2025-01-26,CUST0081,Sticky Notes Pack,Stationery,Central,3,99,285.34
ORD01824,2025-01-26,CUST0056,Whiteboard,Stationery,West,2,1499,3057.87
ORD00300,2025-01-26,CUST0131,Wireless Mouse,Electronics,West,1,799,764.26
ORD02347,2025-01-26,CUST0115,Sticky Notes Pack,Stationery,West,4,99,400.41
ORD01834,2025-01-26,CUST0038,Standing Desk,Furniture,Central,3,12999,39995.04
ORD00326,2025-01-26,CUST0132,Bluetooth Speaker,Electronics,West,3,1899,5812.44
ORD00856,2025-01-27,CUST0188,Backpack,Accessories,North,1,1999,2049.08
ORD02770,2025-01-27,CUST0112,Notebook Set,Stationery,Central,1,199,192.3
ORD00572,2025-01-27,CUST0164,Desk Lamp,Furniture,South,1,899,878.16
ORD00698,2025-01-27,CUST0130,Sticky Notes Pack,Stationery,South,3,99,303.12
ORD01404,2025-01-27,CUST0018,Standing Desk,Furniture,North,3,12999,37923.26
ORD00090,2025-01-28,CUST0115,Desk Lamp,Furniture,East,2,899,1734.66
ORD01539,2025-01-28,CUST0030,Notebook Set,Stationery,South,2,199,383.14
ORD01553,2025-01-28,CUST0015,Bluetooth Speaker,Electronics,South,3,1899,5474.69
ORD00832,2025-01-28,CUST0054,Water Bottle,Sportswear,West,1,449,440.19
ORD01973,2025-01-28,CUST0010,Bluetooth Speaker,Electronics,Central,1,1899,1828.58
ORD02062,2025-01-28,CUST0083,Office Chair,Furniture,Central,1,6499,6357.65
ORD00198,2025-01-28,CUST0184,Mechanical Keyboard,Electronics,West,1,2499,2521.09
ORD02404,2025-01-28,CUST0046,Backpack,Accessories,West,4,1999,8249.03
ORD01711,2025-01-29,CUST0027,Sunglasses,Accessories,Central,1,1299,1257.39
ORD02052,2025-01-29,CUST0143,Sticky Notes Pack,Stationery,West,1,99,95.93
ORD02652,2025-01-29,CUST0058,Whiteboard,Stationery,West,1,1499,1569.54
ORD01992,2025-01-29,CUST0007,Yoga Mat,Sportswear,North,1,999,956.1
ORD02016,2025-01-29,CUST0187,Yoga Mat,Sportswear,East,1,999,1002.74
ORD02474,2025-01-30,CUST0032,Bluetooth Speaker,Electronics,East,5,1899,9245.24
ORD01755,2025-01-30,CUST0143,Standing Desk,Furniture,South,2,12999,25328.11
ORD00544,2025-01-30,CUST0123,Running Shoes,Sportswear,Central,1,3499,3384.42
ORD02862,2025-01-30,CUST0175,Wireless Mouse,Electronics,East,3,799,2445.17
ORD01223,2025-01-31,CUST0016,Sunglasses,Accessories,East,2,1299,2581.45
ORD00165,2025-01-31,CUST0181,Desk Lamp,Furniture,South,1,899,927.76
ORD01851,2025-01-31,CUST0130,Office Chair,Furniture,West,2,6499,13470.22
ORD02796,2025-01-31,CUST0183,Running Shoes,Sportswear,Central,2,3499,6663.65
ORD02480,2025-01-31,CUST0048,Sticky Notes Pack,Stationery,South,5,99,475.98
ORD02991,2025-01-31,CUST0178,Notebook Set,Stationery,West,3,199,584.82
ORD00510,2025-01-31,CUST0010,Desk Lamp,Furniture,East,2,899,1794.13
ORD01448,2025-01-31,CUST0140,Bluetooth Speaker,Electronics,South,1,1899,1844.97
ORD00931,2025-01-31,CUST0071,Office Chair,Furniture,East,4,6499,25337.41
ORD01179,2025-02-01,CUST0086,Sunglasses,Accessories,West,3,1299,3793.53
ORD01735,2025-02-01,CUST0023,Notebook Set,Stationery,Central,1,199,190.67
ORD02201,2025-02-01,CUST0045,Yoga Mat,Sportswear,North,2,999,1991.18
ORD02622,2025-02-02,CUST0025,USB-C Hub,Electronics,West,3,1299,3984.23
ORD01840,2025-02-02,CUST0009,Notebook Set,Stationery,East,2,199,383.14
ORD01594,2025-02-02,CUST0019,Whiteboard,Stationery,North,1,1499,1456.42
ORD02977,2025-02-02,CUST0200,Water Bottle,Sportswear,East,3,449,1367.62
ORD02745,2025-02-02,CUST0034,Sticky Notes Pack,Stationery,West,3,99,311.14
ORD01202,2025-02-03,CUST0165,Desk Lamp,Furniture,Central,1,899,922.44
ORD01658,2025-02-03,CUST0046,USB-C Hub,Electronics,East,1,1299,1342.77
ORD01194,2025-02-03,CUST0059,Bluetooth Speaker,Electronics,Central,1,1899,1932.78
ORD00941,2025-02-03,CUST0189,Mechanical Keyboard,Electronics,East,3,2499,7265.52
ORD02173,2025-02-03,CUST0084,Wireless Mouse,Electronics,South,1,799,764.59
ORD01744,2025-02-04,CUST0126,Whiteboard,Stationery,East,1,1499,1448.43
ORD01178,2025-02-04,CUST0025,Wireless Mouse,Electronics,North,1,799,769.22
ORD00017,2025-02-05,CUST0086,Water Bottle,Sportswear,West,1,449,439.56
ORD02968,2025-02-05,CUST0192,Standing Desk,Furniture,South,1,12999,12890.05
ORD01812,2025-02-05,CUST0069,Sunglasses,Accessories,East,1,1299,1239.71
ORD01819,2025-02-05,CUST0097,Sunglasses,Accessories,South,3,1299,3841.78
ORD02835,2025-02-06,CUST0197,Desk Lamp,Furniture,Central,2,899,1788.27
ORD00983,2025-02-06,CUST0088,Bluetooth Speaker,Electronics,South,1,1899,1972.78
ORD00421,2025-02-07,CUST0025,USB-C Hub,Electronics,East,4,1299,5105.22
ORD02238,2025-02-07,CUST0074,Standing Desk,Furniture,North,4,12999,54216.29
ORD01761,2025-02-08,CUST0003,Running Shoes,Sportswear,North,2,3499,6925.24
ORD00588,2025-02-08,CUST0194,Yoga Mat,Sportswear,Central,4,999,4118.09
ORD01099,2025-02-08,CUST0173,Standing Desk,Furniture,South,2,12999,25281.41
ORD01956,2025-02-08,CUST0197,Standing Desk,Furniture,North,2,12999,25257.04
ORD01772,2025-02-08,CUST0138,Backpack,Accessories,East,2,1999,3987.22
ORD02707,2025-02-08,CUST0088,Water Bottle,Sportswear,Central,2,449,900.22
ORD02678,2025-02-09,CUST0025,Office Chair,Furniture,South,3,6499,18743.75
ORD01708,2025-02-09,CUST0095,Whiteboard,Stationery,North,1,1499,1557.01
ORD02035,2025-02-09,CUST0098,Running Shoes,Sportswear,East,3,3499,10227.55
ORD02834,2025-02-09,CUST0173,Sticky Notes Pack,Stationery,North,4,99,411.43
ORD00162,2025-02-09,CUST0091,Water Bottle,Sportswear,Central,3,449,1370.98
ORD01220,2025-02-09,CUST0069,Desk Lamp,Furniture,Central,1,899,869.97
ORD01311,2025-02-09,CUST0188,Notebook Set,Stationery,North,2,199,396.5
ORD01151,2025-02-10,CUST0134,Notebook Set,Stationery,South,4,199,807.72
ORD00737,2025-02-11,CUST0065,USB-C Hub,Electronics,West,2,1299,2537.0
ORD02774,2025-02-11,CUST0055,Water Bottle,Sportswear,Central,1,449,449.47
ORD00652,2025-02-11,CUST0146,USB-C Hub,Electronics,South,1,1299,1336.76
ORD01692,2025-02-11,CUST0174,USB-C Hub,Electronics,South,1,1299,1349.4
ORD02533,2025-02-11,CUST0009,Mechanical Keyboard,Electronics,East,3,2499,7706.44
ORD02039,2025-02-11,CUST0161,Notebook Set,Stationery,South,3,199,613.07
ORD00136,2025-02-11,CUST0122,Bluetooth Speaker,Electronics,West,1,1899,1881.01
ORD00107,2025-02-11,CUST0063,Whiteboard,Stationery,North,4,1499,6019.85
ORD02566,2025-02-11,CUST0198,Bluetooth Speaker,Electronics,South,1,1899,1810.3
ORD00500,2025-02-12,CUST0037,Sunglasses,Accessories,North,5,1299,6270.07
ORD02139,2025-02-13,CUST0123,Bluetooth Speaker,Electronics,North,1,1899,1906.31
ORD02571,2025-02-13,CUST0048,Wireless Mouse,Electronics,East,1,799,816.56
ORD01923,2025-02-13,CUST0168,Backpack,Accessories,South,1,1999,1908.23
ORD01266,2025-02-13,CUST0132,USB-C Hub,Electronics,West,2,1299,2582.61
ORD01501,2025-02-14,CUST0101,Wireless Mouse,Electronics,North,1,799,835.3
ORD00697,2025-02-14,CUST0135,Wireless Mouse,Electronics,West,1,799,780.94
ORD02697,2025-02-14,CUST0045,Notebook Set,Stationery,South,1,199,202.58
ORD00712,2025-02-15,CUST0129,Backpack,Accessories,North,1,1999,2047.94
ORD00959,2025-02-15,CUST0019,Backpack,Accessories,North,2,1999,4025.55
ORD01299,2025-02-15,CUST0157,Standing Desk,Furniture,South,3,12999,38809.99
ORD00035,2025-02-15,CUST0188,Office Chair,Furniture,North,4,6499,26183.93
ORD00452,2025-02-16,CUST0034,Sunglasses,Accessories,East,1,1299,1244.07
ORD02462,2025-02-16,CUST0066,Sunglasses,Accessories,South,4,1299,5158.23
ORD02938,2025-02-16,CUST0136,USB-C Hub,Electronics,East,1,1299,1263.22
ORD02461,2025-02-16,CUST0144,Sunglasses,Accessories,North,3,1299,3870.74
ORD01011,2025-02-16,CUST0084,Backpack,Accessories,West,1,1999,1941.08
ORD01564,2025-02-17,CUST0175,Backpack,Accessories,East,3,1999,5766.82
ORD01360,2025-02-17,CUST0141,Sticky Notes Pack,Stationery,South,4,99,407.69
ORD02962,2025-02-18,CUST0189,Office Chair,Furniture,East,4,6499,24700.96
ORD00387,2025-02-18,CUST0013,Standing Desk,Furniture,Central,2,12999,26486.88
ORD02826,2025-02-18,CUST0010,USB-C Hub,Electronics,South,1,1299,1271.95
ORD00946,2025-02-18,CUST0093,Bluetooth Speaker,Electronics,North,3,1899,5710.85
ORD02311,2025-02-18,CUST0103,Yoga Mat,Sportswear,North,1,999,1015.2
ORD01857,2025-02-19,CUST0142,USB-C Hub,Electronics,South,2,1299,2509.21
ORD01512,2025-02-19,CUST0094,Backpack,Accessories,North,2,1999,3848.69
ORD01598,2025-02-19,CUST0077,Yoga Mat,Sportswear,West,2,999,1963.0
ORD02301,2025-02-19,CUST0156,Mechanical Keyboard,Electronics,North,1,2499,2535.47
ORD00721,2025-02-20,CUST0048,Notebook Set,Stationery,East,3,199,572.41
ORD02104,2025-02-20,CUST0138,Whiteboard,Stationery,North,1,1499,1548.13
ORD00218,2025-02-20,CUST0078,Sunglasses,Accessories,Central,1,1299,1259.32
ORD00116,2025-02-20,CUST0011,Water Bottle,Sportswear,North,1,449,464.29
ORD00864,2025-02-20,CUST0070,Sticky Notes Pack,Stationery,North,2,99,207.59
ORD00811,2025-02-20,CUST0188,Mechanical Keyboard,Electronics,Central,3,2499,7442.19
ORD02544,2025-02-20,CUST0168,Whiteboard,Stationery,East,1,1499,1444.26
ORD02360,2025-02-20,CUST0056,Office Chair,Furniture,North,1,6499,6338.28
ORD01253,2025-02-21,CUST0133,Sunglasses,Accessories,East,4,1299,5189.67
ORD02730,2025-02-21,CUST0137,Wireless Mouse,Electronics,South,3,799,2496.81
ORD01746,2025-02-21,CUST0117,Bluetooth Speaker,Electronics,South,2,1899,3816.67
ORD00845,2025-02-21,CUST0133,Office Chair,Furniture,Central,1,6499,6674.49
ORD02710,2025-02-21,CUST0144,Notebook Set,Stationery,Central,2,199,384.37
ORD02163,2025-02-21,CUST0187,Desk Lamp,Furniture,East,3,899,2828.82
ORD01548,2025-02-21,CUST0099,Water Bottle,Sportswear,West,1,449,440.96
ORD00686,2025-02-21,CUST0078,Mechanical Keyboard,Electronics,North,1,2499,2550.57
ORD02211,2025-02-22,CUST0099,Standing Desk,Furniture,Central,3,12999,37537.4
ORD01328,2025-02-22,CUST0141,Notebook Set,Stationery,West,3,199,582.28
ORD01038,2025-02-22,CUST0010,Backpack,Accessories,South,3,1999,5714.06
ORD02584,2025-02-22,CUST0105,Sunglasses,Accessories,Central,1,1299,1332.2
ORD01395,2025-02-22,CUST0057,Sticky Notes Pack,Stationery,South,2,99,207.68
ORD00484,2025-02-23,CUST0130,Notebook Set,Stationery,West,1,199,200.99
ORD02829,2025-02-23,CUST0015,Desk Lamp,Furniture,East,3,899,2650.47
ORD00392,2025-02-24,CUST0117,Sticky Notes Pack,Stationery,West,2,99,199.35
ORD02072,2025-02-24,CUST0164,Bluetooth Speaker,Electronics,East,3,1899,5840.77
ORD02262,2025-02-24,CUST0156,Whiteboard,Stationery,South,1,1499,1527.57
ORD01630,2025-02-24,CUST0020,Wireless Mouse,Electronics,East,3,799,2282.5
ORD02354,2025-02-24,CUST0064,USB-C Hub,Electronics,West,5,1299,6363.2
ORD02200,2025-02-25,CUST0015,Desk Lamp,Furniture,East,2,899,1814.69
ORD02524,2025-02-25,CUST0144,Wireless Mouse,Electronics,West,3,799,2317.9
ORD01040,2025-02-25,CUST0092,Yoga Mat,Sportswear,Central,1,999,1018.24
ORD01978,2025-02-25,CUST0055,Office Chair,Furniture,Central,2,6499,13391.75
ORD02996,2025-02-25,CUST0187,Sticky Notes Pack,Stationery,West,2,99,193.89
ORD00702,2025-02-25,CUST0186,Whiteboard,Stationery,South,3,1499,4484.1
ORD02071,2025-02-25,CUST0053,Desk Lamp,Furniture,North,4,899,3466.83
ORD02355,2025-02-26,CUST0180,Wireless Mouse,Electronics,West,1,799,831.45
ORD02400,2025-02-26,CUST0150,Whiteboard,Stationery,West,4,1499,6259.34
ORD00277,2025-02-26,CUST0004,Water Bottle,Sportswear,Central,1,449,452.96
ORD01023,2025-02-26,CUST0020,Notebook Set,Stationery,Central,2,199,387.7
ORD02706,2025-02-26,CUST0041,Sunglasses,Accessories,East,3,1299,4000.25
ORD02754,2025-02-26,CUST0193,Sunglasses,Accessories,East,2,1299,2580.02
ORD01323,2025-02-26,CUST0199,Mechanical Keyboard,Electronics,South,1,2499,2623.2
ORD01333,2025-02-26,CUST0151,Running Shoes,Sportswear,South,4,3499,13470.78
ORD02568,2025-02-27,CUST0165,Office Chair,Furniture,Central,1,6499,6568.39
ORD02460,2025-02-27,CUST0151,Running Shoes,Sportswear,West,1,3499,3519.05
ORD00046,2025-02-27,CUST0127,Desk Lamp,Furniture,North,1,899,861.32
ORD00047,2025-02-27,CUST0048,Sticky Notes Pack,Stationery,North,1,99,99.49
ORD00648,2025-02-27,CUST0075,Mechanical Keyboard,Electronics,South,2,2499,4793.74
ORD01396,2025-02-27,CUST0033,Backpack,Accessories,East,1,1999,1944.17
ORD02228,2025-02-27,CUST0087,Mechanical Keyboard,Electronics,North,5,2499,12983.15
ORD00682,2025-02-28,CUST0070,Wireless Mouse,Electronics,South,1,799,761.89
ORD01119,2025-02-28,CUST0069,Wireless Mouse,Electronics,Central,4,799,3048.46
ORD02779,2025-02-28,CUST0032,Sticky Notes Pack,Stationery,East,3,99,301.61
ORD01064,2025-03-01,CUST0161,Water Bottle,Sportswear,Central,3,449,1298.58
ORD02172,2025-03-01,CUST0192,Water Bottle,Sportswear,South,1,449,455.81
ORD02055,2025-03-01,CUST0055,Water Bottle,Sportswear,North,3,449,1304.14
ORD02689,2025-03-01,CUST0103,Mechanical Keyboard,Electronics,North,1,2499,2501.02
ORD01189,2025-03-02,CUST0197,Bluetooth Speaker,Electronics,West,2,1899,3976.85
ORD00453,2025-03-02,CUST0138,Mechanical Keyboard,Electronics,South,3,2499,7835.48
ORD01092,2025-03-02,CUST0185,Standing Desk,Furniture,East,1,12999,12826.47
ORD01169,2025-03-02,CUST0149,Standing Desk,Furniture,West,1,12999,13241.91
ORD01175,2025-03-02,CUST0191,Water Bottle,Sportswear,Central,3,449,1312.74
ORD02106,2025-03-02,CUST0066,USB-C Hub,Electronics,West,1,1299,1297.98
ORD00843,2025-03-03,CUST0186,Sticky Notes Pack,Stationery,West,1,99,94.22
ORD01344,2025-03-03,CUST0141,Running Shoes,Sportswear,East,3,3499,10953.25
ORD00932,2025-03-03,CUST0052,Water Bottle,Sportswear,East,2,449,911.36
ORD02596,2025-03-03,CUST0069,Standing Desk,Furniture,Central,2,12999,25397.93
ORD01409,2025-03-03,CUST0175,Backpack,Accessories,East,2,1999,3974.87
ORD02143,2025-03-03,CUST0007,Desk Lamp,Furniture,South,3,899,2638.75
ORD02885,2025-03-03,CUST0031,Wireless Mouse,Electronics,North,2,799,1618.28
ORD01969,2025-03-04,CUST0082,Whiteboard,Stationery,Central,2,1499,3126.23
ORD00530,2025-03-04,CUST0194,Notebook Set,Stationery,Central,3,199,586.11
ORD02536,2025-03-04,CUST0108,Whiteboard,Stationery,Central,2,1499,2989.48
ORD00458,2025-03-04,CUST0135,Standing Desk,Furniture,Central,2,12999,26232.59
ORD01411,2025-03-05,CUST0166,Office Chair,Furniture,Central,3,6499,20083.49
ORD00505,2025-03-05,CUST0178,Sticky Notes Pack,Stationery,West,1,99,97.87
ORD02965,2025-03-05,CUST0200,Bluetooth Speaker,Electronics,South,1,1899,1917.87
ORD02145,2025-03-06,CUST0044,Wireless Mouse,Electronics,East,1,799,790.94
ORD00366,2025-03-06,CUST0133,Bluetooth Speaker,Electronics,West,2,1899,3894.25
ORD00213,2025-03-06,CUST0161,Yoga Mat,Sportswear,North,2,999,2007.69
ORD01071,2025-03-06,CUST0061,Notebook Set,Stationery,East,2,199,397.3
ORD00972,2025-03-06,CUST0149,Mechanical Keyboard,Electronics,West,2,2499,5145.92
ORD02089,2025-03-06,CUST0057,Office Chair,Furniture,South,2,6499,12904.4
ORD00688,2025-03-06,CUST0083,Standing Desk,Furniture,North,1,12999,12437.69
ORD00923,2025-03-06,CUST0113,Bluetooth Speaker,Electronics,North,1,1899,1840.77
ORD01402,2025-03-06,CUST0186,Sunglasses,Accessories,Central,3,1299,3800.46
ORD01020,2025-03-07,CUST0089,Standing Desk,Furniture,Central,4,12999,51629.16
ORD00960,2025-03-07,CUST0133,Sunglasses,Accessories,South,3,1299,3982.35
ORD02493,2025-03-07,CUST0179,Yoga Mat,Sportswear,West,4,999,4097.12
ORD02666,2025-03-07,CUST0035,Standing Desk,Furniture,Central,1,12999,12874.22
ORD01971,2025-03-07,CUST0091,Mechanical Keyboard,Electronics,Central,3,2499,7762.87
ORD02880,2025-03-07,CUST0153,Desk Lamp,Furniture,South,2,899,1856.86
ORD02014,2025-03-07,CUST0028,USB-C Hub,Electronics,West,1,1299,1267.08
ORD02110,2025-03-07,CUST0125,Office Chair,Furniture,South,1,6499,6655.17
ORD01876,2025-03-08,CUST0074,Yoga Mat,Sportswear,North,2,999,1952.19
ORD01776,2025-03-08,CUST0069,Whiteboard,Stationery,North,3,1499,4485.21
ORD02252,2025-03-08,CUST0184,Sticky Notes Pack,Stationery,South,1,99,96.04
ORD01967,2025-03-08,CUST0078,Backpack,Accessories,East,1,1999,2022.33
ORD02342,2025-03-08,CUST0152,Mechanical Keyboard,Electronics,South,2,2499,4875.92
ORD02120,2025-03-08,CUST0142,Water Bottle,Sportswear,North,3,449,1298.84
ORD02361,2025-03-09,CUST0139,Bluetooth Speaker,Electronics,North,1,1899,1806.54
ORD00322,2025-03-09,CUST0062,Yoga Mat,Sportswear,North,4,999,3827.76
ORD02515,2025-03-09,CUST0091,Yoga Mat,Sportswear,East,4,999,3932.93
ORD02195,2025-03-09,CUST0102,Running Shoes,Sportswear,East,2,3499,6657.1
ORD02735,2025-03-09,CUST0191,Running Shoes,Sportswear,West,2,3499,7193.59
ORD00722,2025-03-10,CUST0131,Running Shoes,Sportswear,Central,3,3499,10097.18
ORD01066,2025-03-10,CUST0025,Notebook Set,Stationery,North,1,199,191.16
ORD01844,2025-03-10,CUST0107,Whiteboard,Stationery,Central,1,1499,1467.06
ORD02350,2025-03-10,CUST0184,Sunglasses,Accessories,East,5,1299,6556.91
ORD00353,2025-03-10,CUST0087,Office Chair,Furniture,East,2,6499,12669.03
ORD01734,2025-03-11,CUST0141,Backpack,Accessories,North,2,1999,4121.58
ORD00540,2025-03-11,CUST0196,Wireless Mouse,Electronics,East,1,799,776.46
ORD02677,2025-03-11,CUST0129,USB-C Hub,Electronics,Central,1,1299,1299.51
ORD01442,2025-03-12,CUST0047,Whiteboard,Stationery,Central,1,1499,1510.09
ORD02096,2025-03-12,CUST0193,Sunglasses,Accessories,East,1,1299,1246.3
ORD02540,2025-03-12,CUST0148,Desk Lamp,Furniture,East,2,899,1722.77
ORD00685,2025-03-12,CUST0068,Notebook Set,Stationery,North,2,199,409.24
ORD02831,2025-03-13,CUST0116,Standing Desk,Furniture,East,2,12999,25277.34
ORD02259,2025-03-13,CUST0109,USB-C Hub,Electronics,Central,3,1299,3943.95
ORD00088,2025-03-14,CUST0063,Sticky Notes Pack,Stationery,Central,2,99,205.4
ORD00535,2025-03-14,CUST0195,Sticky Notes Pack,Stationery,South,2,99,193.93
ORD02966,2025-03-14,CUST0198,Office Chair,Furniture,Central,1,6499,6564.96
ORD00142,2025-03-14,CUST0025,Whiteboard,Stationery,East,2,1499,3027.47
ORD01047,2025-03-14,CUST0186,Running Shoes,Sportswear,Central,1,3499,3588.66
ORD00229,2025-03-14,CUST0013,Notebook Set,Stationery,North,1,199,201.33
ORD01810,2025-03-15,CUST0012,Yoga Mat,Sportswear,North,1,999,987.2
ORD01703,2025-03-15,CUST0083,Sunglasses,Accessories,Central,3,1299,3800.41
ORD02256,2025-03-15,CUST0013,Standing Desk,Furniture,North,2,12999,25705.47
ORD01762,2025-03-15,CUST0067,Office Chair,Furniture,South,1,6499,6590.58
ORD02691,2025-03-16,CUST0166,Sunglasses,Accessories,West,2,1299,2585.0
ORD00899,2025-03-16,CUST0116,Desk Lamp,Furniture,West,3,899,2695.24
ORD02176,2025-03-16,CUST0100,Standing Desk,Furniture,Central,4,12999,54141.67
ORD00950,2025-03-16,CUST0016,Mechanical Keyboard,Electronics,Central,1,2499,2572.11
ORD02189,2025-03-16,CUST0157,Wireless Mouse,Electronics,North,1,799,780.81
ORD00666,2025-03-16,CUST0176,Standing Desk,Furniture,Central,1,12999,12928.04
ORD00081,2025-03-16,CUST0052,USB-C Hub,Electronics,North,5,1299,6229.36
ORD02577,2025-03-16,CUST0084,Water Bottle,Sportswear,West,1,449,453.09
ORD02288,2025-03-17,CUST0027,Notebook Set,Stationery,South,1,199,194.73
ORD01250,2025-03-17,CUST0052,Wireless Mouse,Electronics,West,4,799,3200.36
ORD01471,2025-03-18,CUST0126,Bluetooth Speaker,Electronics,South,3,1899,5606.43
ORD02444,2025-03-18,CUST0169,Mechanical Keyboard,Electronics,South,3,2499,7654.75
ORD02341,2025-03-18,CUST0104,Sunglasses,Accessories,North,1,1299,1286.49
ORD01393,2025-03-18,CUST0029,Sunglasses,Accessories,South,2,1299,2531.22
ORD01847,2025-03-18,CUST0064,Sunglasses,Accessories,South,1,1299,1265.84
ORD02709,2025-03-18,CUST0036,Sunglasses,Accessories,East,3,1299,3952.17
ORD02429,2025-03-18,CUST0063,Notebook Set,Stationery,East,4,199,773.35
ORD01516,2025-03-19,CUST0149,Standing Desk,Furniture,West,2,12999,26798.94
ORD01589,2025-03-19,CUST0135,Notebook Set,Stationery,West,1,199,201.43
ORD01828,2025-03-19,CUST0111,Desk Lamp,Furniture,East,3,899,2576.86
ORD01938,2025-03-19,CUST0051,Water Bottle,Sportswear,East,3,449,1311.22
ORD02476,2025-03-19,CUST0080,Sticky Notes Pack,Stationery,Central,1,99,96.16
ORD01292,2025-03-19,CUST0195,Yoga Mat,Sportswear,Central,3,999,3020.09
ORD02923,2025-03-19,CUST0066,Notebook Set,Stationery,East,3,199,600.66
ORD02679,2025-03-19,CUST0170,Whiteboard,Stationery,South,1,1499,1510.8
ORD00764,2025-03-19,CUST0058,Office Chair,Furniture,North,1,6499,6204.63
ORD01588,2025-03-20,CUST0146,USB-C Hub,Electronics,Central,3,1299,3899.53
ORD01918,2025-03-20,CUST0101,Bluetooth Speaker,Electronics,North,5,1899,9063.2
ORD00613,2025-03-20,CUST0166,Backpack,Accessories,North,3,1999,5962.24
ORD01704,2025-03-20,CUST0155,Mechanical Keyboard,Electronics,Central,2,2499,4832.33
ORD01595,2025-03-20,CUST0087,Whiteboard,Stationery,Central,3,1499,4344.27
ORD00256,2025-03-20,CUST0069,Wireless Mouse,Electronics,West,1,799,800.47
ORD00921,2025-03-20,CUST0113,Yoga Mat,Sportswear,Central,4,999,3932.94
ORD00299,2025-03-20,CUST0168,Standing Desk,Furniture,South,1,12999,13579.58
ORD01438,2025-03-20,CUST0116,Water Bottle,Sportswear,East,2,449,897.46
ORD02294,2025-03-20,CUST0062,Office Chair,Furniture,South,2,6499,12904.61
ORD00243,2025-03-20,CUST0128,Bluetooth Speaker,Electronics,West,1,1899,1951.55
ORD02773,2025-03-21,CUST0044,Running Shoes,Sportswear,North,3,3499,10750.76
ORD00070,2025-03-21,CUST0049,Standing Desk,Furniture,North,4,12999,50260.45
ORD02037,2025-03-21,CUST0127,Running Shoes,Sportswear,Central,1,3499,3365.0
ORD00145,2025-03-22,CUST0032,Desk Lamp,Furniture,South,6,899,5485.65
ORD01120,2025-03-22,CUST0066,Backpack,Accessories,South,1,1999,2027.55
ORD00022,2025-03-22,CUST0129,Running Shoes,Sportswear,East,2,3499,6843.1
ORD01238,2025-03-23,CUST0144,Desk Lamp,Furniture,Central,6,899,5579.22
ORD00131,2025-03-23,CUST0020,Mechanical Keyboard,Electronics,Central,4,2499,9530.41
ORD01566,2025-03-23,CUST0010,Backpack,Accessories,East,1,1999,2098.32
ORD02552,2025-03-23,CUST0091,Backpack,Accessories,Central,3,1999,6135.82
ORD00708,2025-03-23,CUST0148,Wireless Mouse,Electronics,East,2,799,1670.24
ORD02140,2025-03-24,CUST0114,Sunglasses,Accessories,Central,2,1299,2630.88
ORD01045,2025-03-24,CUST0079,Wireless Mouse,Electronics,East,1,799,824.61
ORD02943,2025-03-24,CUST0007,Desk Lamp,Furniture,South,1,899,881.87
ORD02628,2025-03-24,CUST0041,Sticky Notes Pack,Stationery,South,6,99,594.46
ORD00562,2025-03-24,CUST0030,Water Bottle,Sportswear,North,1,449,451.09
ORD02908,2025-03-24,CUST0115,USB-C Hub,Electronics,West,2,1299,2648.86
ORD02535,2025-03-24,CUST0098,Notebook Set,Stationery,East,2,199,408.08
ORD01609,2025-03-24,CUST0127,Desk Lamp,Furniture,East,2,899,1814.41
ORD02284,2025-03-25,CUST0059,Sunglasses,Accessories,South,1,1299,1314.45
ORD02616,2025-03-25,CUST0106,Notebook Set,Stationery,Central,1,199,202.85
ORD00197,2025-03-25,CUST0089,Mechanical Keyboard,Electronics,North,1,2499,2537.02
ORD00122,2025-03-25,CUST0189,Whiteboard,Stationery,North,1,1499,1436.84
ORD01845,2025-03-25,CUST0025,Bluetooth Speaker,Electronics,Central,1,1899,1835.36
ORD01798,2025-03-25,CUST0007,Whiteboard,Stationery,Central,2,1499,3093.98
ORD00175,2025-03-25,CUST0166,Standing Desk,Furniture,South,2,12999,25531.97
ORD01752,2025-03-25,CUST0027,Water Bottle,Sportswear,Central,2,449,862.38
ORD01560,2025-03-25,CUST0059,Yoga Mat,Sportswear,Central,1,999,996.6
ORD00819,2025-03-25,CUST0093,Water Bottle,Sportswear,West,1,449,452.94
ORD02637,2025-03-26,CUST0179,Notebook Set,Stationery,North,5,199,975.44
ORD00643,2025-03-26,CUST0107,Whiteboard,Stationery,Central,2,1499,3067.22
ORD01831,2025-03-26,CUST0183,Water Bottle,Sportswear,East,2,449,861.11
ORD02956,2025-03-26,CUST0086,Desk Lamp,Furniture,East,2,899,1828.14
ORD00509,2025-03-27,CUST0127,Bluetooth Speaker,Electronics,South,1,1899,1968.25
ORD01636,2025-03-27,CUST0165,Desk Lamp,Furniture,North,2,899,1745.27
ORD01441,2025-03-27,CUST0183,USB-C Hub,Electronics,East,5,1299,6225.28
ORD01207,2025-03-27,CUST0184,Mechanical Keyboard,Electronics,South,1,2499,2456.03
ORD02401,2025-03-27,CUST0089,Sunglasses,Accessories,Central,2,1299,2508.85
ORD00297,2025-03-27,CUST0188,Yoga Mat,Sportswear,East,1,999,1000.25
ORD00352,2025-03-28,CUST0022,Standing Desk,Furniture,West,5,12999,64250.88
ORD02916,2025-03-28,CUST0092,Mechanical Keyboard,Electronics,North,2,2499,4940.74
ORD02157,2025-03-28,CUST0077,Sunglasses,Accessories,North,3,1299,3729.89
ORD01835,2025-03-28,CUST0166,Office Chair,Furniture,North,4,6499,27037.44
ORD02933,2025-03-28,CUST0140,Desk Lamp,Furniture,East,2,899,1796.72
ORD01629,2025-03-28,CUST0030,Sticky Notes Pack,Stationery,Central,1,99,95.2
ORD01100,2025-03-28,CUST0131,Mechanical Keyboard,Electronics,West,2,2499,5141.43
ORD01883,2025-03-29,CUST0123,Backpack,Accessories,South,3,1999,6283.93
ORD00580,2025-03-29,CUST0071,Wireless Mouse,Electronics,South,1,799,767.0
ORD00002,2025-03-29,CUST0158,Office Chair,Furniture,South,2,6499,13608.79
ORD00459,2025-03-29,CUST0166,Bluetooth Speaker,Electronics,South,1,1899,1939.44
ORD01975,2025-03-30,CUST0050,Yoga Mat,Sportswear,South,4,999,3948.59
ORD02065,2025-03-30,CUST0022,Wireless Mouse,Electronics,North,1,799,819.46
ORD01104,2025-03-30,CUST0184,Standing Desk,Furniture,West,2,12999,26186.96
ORD01928,2025-03-30,CUST0180,Whiteboard,Stationery,North,2,1499,2986.77
ORD02103,2025-03-30,CUST0080,Desk Lamp,Furniture,Central,4,899,3497.02
ORD01677,2025-03-30,CUST0134,Whiteboard,Stationery,East,3,1499,4562.22
ORD00159,2025-03-30,CUST0195,Whiteboard,Stationery,North,4,1499,5982.02
ORD02717,2025-03-31,CUST0178,Water Bottle,Sportswear,Central,5,449,2319.39
ORD00220,2025-03-31,CUST0039,Whiteboard,Stationery,Central,1,1499,1552.88
ORD00101,2025-03-31,CUST0003,Backpack,Accessories,North,2,1999,3990.46
ORD00404,2025-03-31,CUST0055,Backpack,Accessories,South,2,1999,4035.41
ORD00979,2025-04-01,CUST0124,Whiteboard,Stationery,Central,3,1499,4382.12
ORD00558,2025-04-03,CUST0006,Desk Lamp,Furniture,East,2,899,1806.54
ORD02352,2025-04-03,CUST0193,Sunglasses,Accessories,Central,1,1299,1308.09
ORD02490,2025-04-03,CUST0030,Bluetooth Speaker,Electronics,North,3,1899,5661.27
ORD02973,2025-04-03,CUST0016,Office Chair,Furniture,North,3,6499,19353.63
ORD00471,2025-04-03,CUST0064,Sunglasses,Accessories,Central,1,1299,1312.72
ORD02513,2025-04-04,CUST0166,USB-C Hub,Electronics,South,3,1299,3877.85
ORD00050,2025-04-04,CUST0085,Backpack,Accessories,West,2,1999,4103.29
ORD02521,2025-04-04,CUST0097,Running Shoes,Sportswear,Central,1,3499,3324.45
ORD02590,2025-04-05,CUST0055,Backpack,Accessories,North,4,1999,8373.34
ORD01607,2025-04-05,CUST0153,Notebook Set,Stationery,Central,1,199,200.42
ORD02960,2025-04-05,CUST0087,Sunglasses,Accessories,North,1,1299,1361.99
ORD00902,2025-04-05,CUST0012,Mechanical Keyboard,Electronics,Central,1,2499,2594.56
ORD01796,2025-04-06,CUST0076,Sticky Notes Pack,Stationery,Central,3,99,294.95
ORD00780,2025-04-06,CUST0160,Backpack,Accessories,East,1,1999,2067.93
ORD01651,2025-04-06,CUST0050,Standing Desk,Furniture,West,2,12999,26297.31
ORD02764,2025-04-06,CUST0092,Sunglasses,Accessories,West,2,1299,2642.03
ORD00585,2025-04-06,CUST0047,Water Bottle,Sportswear,Central,3,449,1367.51
ORD02046,2025-04-07,CUST0077,Backpack,Accessories,North,1,1999,2089.26
ORD02647,2025-04-07,CUST0040,Desk Lamp,Furniture,North,2,899,1760.75
ORD01098,2025-04-07,CUST0122,Office Chair,Furniture,South,5,6499,33445.12
ORD00255,2025-04-07,CUST0200,Sticky Notes Pack,Stationery,North,4,99,391.5
ORD01714,2025-04-07,CUST0093,Whiteboard,Stationery,Central,1,1499,1528.29
ORD00301,2025-04-07,CUST0089,Sticky Notes Pack,Stationery,East,1,99,100.55
ORD01946,2025-04-08,CUST0172,Running Shoes,Sportswear,South,1,3499,3607.42
ORD02132,2025-04-08,CUST0072,Yoga Mat,Sportswear,Central,3,999,2961.38
ORD02227,2025-04-08,CUST0010,Whiteboard,Stationery,Central,2,1499,2955.06
ORD00057,2025-04-09,CUST0037,Bluetooth Speaker,Electronics,West,2,1899,3961.6
ORD01051,2025-04-09,CUST0196,Running Shoes,Sportswear,North,2,3499,7216.85
ORD01540,2025-04-09,CUST0104,USB-C Hub,Electronics,South,3,1299,3925.82
ORD02560,2025-04-09,CUST0190,Mechanical Keyboard,Electronics,Central,1,2499,2557.04
ORD00862,2025-04-09,CUST0178,Backpack,Accessories,North,1,1999,1974.18
ORD00838,2025-04-09,CUST0123,Sticky Notes Pack,Stationery,Central,2,99,190.22
ORD01492,2025-04-09,CUST0169,Notebook Set,Stationery,East,1,199,192.23
ORD00173,2025-04-09,CUST0175,Water Bottle,Sportswear,West,3,449,1392.79
ORD02598,2025-04-10,CUST0103,Mechanical Keyboard,Electronics,South,2,2499,5200.41
ORD00275,2025-04-11,CUST0154,Sticky Notes Pack,Stationery,Central,2,99,205.65
ORD00622,2025-04-11,CUST0137,Mechanical Keyboard,Electronics,Central,5,2499,11897.82
ORD00704,2025-04-11,CUST0088,Running Shoes,Sportswear,North,1,3499,3394.78
ORD00751,2025-04-11,CUST0093,USB-C Hub,Electronics,North,5,1299,6555.44
ORD00890,2025-04-11,CUST0031,Standing Desk,Furniture,East,5,12999,67080.81
ORD02951,2025-04-11,CUST0110,Sunglasses,Accessories,North,5,1299,6551.48
ORD02338,2025-04-11,CUST0022,Sunglasses,Accessories,South,1,1299,1241.99
ORD02563,2025-04-12,CUST0058,Sticky Notes Pack,Stationery,North,2,99,198.14
ORD00388,2025-04-12,CUST0102,Notebook Set,Stationery,North,3,199,611.1
ORD01890,2025-04-12,CUST0124,Yoga Mat,Sportswear,Central,1,999,1001.79
ORD02192,2025-04-12,CUST0019,Notebook Set,Stationery,South,1,199,190.15
ORD00307,2025-04-12,CUST0025,Sticky Notes Pack,Stationery,East,1,99,94.17
ORD00399,2025-04-12,CUST0026,Notebook Set,Stationery,North,2,199,405.56
ORD02795,2025-04-12,CUST0167,Wireless Mouse,Electronics,South,4,799,3254.7
ORD02788,2025-04-12,CUST0116,Mechanical Keyboard,Electronics,South,3,2499,7858.1
ORD00937,2025-04-13,CUST0182,Mechanical Keyboard,Electronics,North,3,2499,7374.31
ORD02237,2025-04-13,CUST0193,Desk Lamp,Furniture,South,1,899,909.99
ORD00927,2025-04-13,CUST0106,Yoga Mat,Sportswear,South,1,999,963.92
ORD00001,2025-04-13,CUST0075,Bluetooth Speaker,Electronics,East,3,1899,5501.02
ORD00473,2025-04-13,CUST0160,Office Chair,Furniture,South,4,6499,26998.46
ORD01001,2025-04-14,CUST0019,Running Shoes,Sportswear,South,1,3499,3642.11
ORD02432,2025-04-14,CUST0061,Backpack,Accessories,East,4,1999,7912.01
ORD02899,2025-04-14,CUST0043,Water Bottle,Sportswear,South,2,449,899.23
ORD01570,2025-04-14,CUST0112,USB-C Hub,Electronics,North,1,1299,1342.11
ORD01257,2025-04-15,CUST0159,Whiteboard,Stationery,Central,3,1499,4453.33
ORD01861,2025-04-15,CUST0007,USB-C Hub,Electronics,Central,4,1299,4939.13
ORD00339,2025-04-15,CUST0118,Sticky Notes Pack,Stationery,North,2,99,200.69
ORD00858,2025-04-16,CUST0133,Yoga Mat,Sportswear,Central,1,999,1006.81
ORD00861,2025-04-16,CUST0186,Notebook Set,Stationery,South,3,199,580.15
ORD01726,2025-04-16,CUST0094,Mechanical Keyboard,Electronics,Central,1,2499,2472.78
ORD00045,2025-04-16,CUST0019,Backpack,Accessories,West,1,1999,1978.77
ORD01813,2025-04-17,CUST0082,Desk Lamp,Furniture,North,3,899,2824.31
ORD00201,2025-04-17,CUST0111,Office Chair,Furniture,West,3,6499,19392.43
ORD02433,2025-04-17,CUST0028,Bluetooth Speaker,Electronics,East,3,1899,5483.96
ORD01793,2025-04-17,CUST0051,Standing Desk,Furniture,South,3,12999,38564.78
ORD01498,2025-04-17,CUST0155,Bluetooth Speaker,Electronics,Central,2,1899,3892.97
ORD02005,2025-04-17,CUST0178,Mechanical Keyboard,Electronics,West,3,2499,7231.5
ORD02421,2025-04-17,CUST0147,Yoga Mat,Sportswear,Central,4,999,3868.24
ORD01046,2025-04-17,CUST0026,Backpack,Accessories,South,2,1999,4089.91
ORD00527,2025-04-17,CUST0095,Notebook Set,Stationery,North,1,199,200.36
ORD02798,2025-04-18,CUST0160,Desk Lamp,Furniture,Central,1,899,903.57
ORD02946,2025-04-18,CUST0124,Notebook Set,Stationery,Central,1,199,199.71
ORD01509,2025-04-18,CUST0049,Office Chair,Furniture,North,1,6499,6533.34
ORD01433,2025-04-19,CUST0032,Whiteboard,Stationery,North,2,1499,2911.41
ORD01670,2025-04-19,CUST0085,Notebook Set,Stationery,South,3,199,583.06
ORD01993,2025-04-19,CUST0101,Bluetooth Speaker,Electronics,Central,3,1899,5574.46
ORD00335,2025-04-19,CUST0174,Yoga Mat,Sportswear,Central,4,999,4141.01
ORD02594,2025-04-19,CUST0002,Office Chair,Furniture,South,2,6499,12576.57
ORD00594,2025-04-19,CUST0031,Running Shoes,Sportswear,East,3,3499,9972.18
ORD02101,2025-04-19,CUST0052,USB-C Hub,Electronics,West,1,1299,1312.72
ORD02124,2025-04-19,CUST0176,Whiteboard,Stationery,North,2,1499,2997.57
ORD02286,2025-04-20,CUST0187,Mechanical Keyboard,Electronics,East,1,2499,2424.34
ORD02855,2025-04-20,CUST0045,Office Chair,Furniture,Central,2,6499,12424.15
ORD01874,2025-04-20,CUST0196,Bluetooth Speaker,Electronics,South,3,1899,5864.02
ORD01685,2025-04-20,CUST0016,Yoga Mat,Sportswear,South,4,999,4079.41
ORD02306,2025-04-21,CUST0153,Bluetooth Speaker,Electronics,South,5,1899,9215.16
ORD02379,2025-04-21,CUST0112,Office Chair,Furniture,East,3,6499,19016.62
ORD02766,2025-04-21,CUST0200,Mechanical Keyboard,Electronics,South,1,2499,2494.05
ORD02077,2025-04-21,CUST0075,Running Shoes,Sportswear,Central,1,3499,3544.01
ORD00356,2025-04-21,CUST0019,Mechanical Keyboard,Electronics,Central,4,2499,10065.35
ORD01457,2025-04-21,CUST0075,Backpack,Accessories,South,2,1999,3864.55
ORD02295,2025-04-21,CUST0186,Notebook Set,Stationery,North,2,199,411.41
ORD02216,2025-04-21,CUST0182,Water Bottle,Sportswear,West,4,449,1722.21
ORD01659,2025-04-22,CUST0018,Water Bottle,Sportswear,East,3,449,1300.88
ORD00511,2025-04-22,CUST0057,Yoga Mat,Sportswear,South,1,999,994.96
ORD01941,2025-04-22,CUST0062,Sunglasses,Accessories,West,2,1299,2588.72
ORD01188,2025-04-22,CUST0158,Mechanical Keyboard,Electronics,Central,3,2499,7375.65
ORD01074,2025-04-22,CUST0158,Bluetooth Speaker,Electronics,East,2,1899,3802.78
ORD00338,2025-04-23,CUST0002,Wireless Mouse,Electronics,Central,1,799,818.96
ORD00434,2025-04-23,CUST0145,Yoga Mat,Sportswear,North,1,999,984.31
ORD02079,2025-04-23,CUST0165,Whiteboard,Stationery,South,2,1499,3026.22
ORD01896,2025-04-23,CUST0126,Backpack,Accessories,North,2,1999,3975.48
ORD00167,2025-04-23,CUST0163,Whiteboard,Stationery,East,2,1499,3009.99
ORD01640,2025-04-23,CUST0126,Wireless Mouse,Electronics,East,1,799,793.2
ORD01712,2025-04-23,CUST0143,Desk Lamp,Furniture,South,1,899,885.12
ORD02478,2025-04-24,CUST0044,Desk Lamp,Furniture,South,1,899,887.99
ORD00412,2025-04-24,CUST0041,Wireless Mouse,Electronics,North,2,799,1598.95
ORD02988,2025-04-24,CUST0037,Desk Lamp,Furniture,North,1,899,876.62
ORD00997,2025-04-24,CUST0021,USB-C Hub,Electronics,South,2,1299,2719.59
ORD02366,2025-04-25,CUST0187,Wireless Mouse,Electronics,East,1,799,809.53
ORD01374,2025-04-25,CUST0080,Running Shoes,Sportswear,East,3,3499,10894.95
ORD00316,2025-04-25,CUST0098,Wireless Mouse,Electronics,West,1,799,772.56
ORD01922,2025-04-25,CUST0077,Water Bottle,Sportswear,Central,3,449,1336.12
ORD01101,2025-04-25,CUST0152,Sticky Notes Pack,Stationery,North,3,99,300.35
ORD00855,2025-04-25,CUST0155,Bluetooth Speaker,Electronics,South,3,1899,5805.12
ORD02098,2025-04-25,CUST0066,Sunglasses,Accessories,East,7,1299,9388.56
ORD01224,2025-04-26,CUST0157,Whiteboard,Stationery,East,3,1499,4673.35
ORD01678,2025-04-26,CUST0042,USB-C Hub,Electronics,West,1,1299,1304.23
ORD00184,2025-04-26,CUST0174,Sticky Notes Pack,Stationery,South,1,99,99.67
ORD01478,2025-04-26,CUST0105,Desk Lamp,Furniture,East,4,899,3510.13
ORD00036,2025-04-26,CUST0067,Sunglasses,Accessories,South,1,1299,1268.92
ORD00657,2025-04-27,CUST0120,Running Shoes,Sportswear,Central,1,3499,3624.65
ORD01872,2025-04-27,CUST0189,Notebook Set,Stationery,Central,1,199,196.94
ORD02860,2025-04-27,CUST0033,Whiteboard,Stationery,East,1,1499,1443.92
ORD02017,2025-04-28,CUST0081,Yoga Mat,Sportswear,North,2,999,2035.48
ORD00223,2025-04-28,CUST0122,Office Chair,Furniture,North,2,6499,13142.25
ORD00469,2025-04-28,CUST0195,Sunglasses,Accessories,South,4,1299,5389.01
ORD00958,2025-04-28,CUST0081,Office Chair,Furniture,Central,3,6499,18852.47
ORD00282,2025-04-28,CUST0047,Water Bottle,Sportswear,East,1,449,448.83
ORD02449,2025-04-28,CUST0046,Mechanical Keyboard,Electronics,West,1,2499,2536.85
ORD00637,2025-04-28,CUST0114,Mechanical Keyboard,Electronics,North,4,2499,9568.91
ORD00099,2025-04-28,CUST0173,Wireless Mouse,Electronics,West,4,799,3188.53
ORD01894,2025-04-29,CUST0022,Desk Lamp,Furniture,Central,3,899,2697.88
ORD02218,2025-04-29,CUST0139,Office Chair,Furniture,West,1,6499,6251.86
ORD00076,2025-04-29,CUST0063,Notebook Set,Stationery,North,3,199,602.62
ORD00796,2025-04-30,CUST0173,Sticky Notes Pack,Stationery,East,1,99,99.68
ORD02168,2025-04-30,CUST0026,Wireless Mouse,Electronics,South,2,799,1592.67
ORD02402,2025-04-30,CUST0100,Yoga Mat,Sportswear,Central,6,999,5707.27
ORD02993,2025-04-30,CUST0171,Office Chair,Furniture,East,2,6499,13101.25
ORD01885,2025-04-30,CUST0138,Whiteboard,Stationery,South,6,1499,9414.6
ORD01320,2025-05-01,CUST0059,Sunglasses,Accessories,Central,2,1299,2618.32
ORD02019,2025-05-01,CUST0145,USB-C Hub,Electronics,South,1,1299,1300.57
ORD00460,2025-05-01,CUST0092,Wireless Mouse,Electronics,Central,1,799,800.31
ORD01410,2025-05-01,CUST0068,Water Bottle,Sportswear,Central,3,449,1311.11
ORD02164,2025-05-01,CUST0101,USB-C Hub,Electronics,North,3,1299,3953.8
ORD01976,2025-05-01,CUST0030,Standing Desk,Furniture,South,1,12999,13504.85
ORD00866,2025-05-01,CUST0012,Backpack,Accessories,Central,2,1999,3963.09
ORD00566,2025-05-01,CUST0187,Sticky Notes Pack,Stationery,South,2,99,188.29
ORD01091,2025-05-02,CUST0195,USB-C Hub,Electronics,North,2,1299,2543.63
ORD02084,2025-05-02,CUST0077,Bluetooth Speaker,Electronics,East,2,1899,3925.22
ORD00266,2025-05-02,CUST0136,Backpack,Accessories,West,4,1999,7964.45
ORD02611,2025-05-03,CUST0086,Water Bottle,Sportswear,Central,2,449,894.67
ORD00629,2025-05-03,CUST0035,Sunglasses,Accessories,West,1,1299,1265.77
ORD01933,2025-05-03,CUST0091,Desk Lamp,Furniture,West,1,899,906.26
ORD02942,2025-05-03,CUST0015,Running Shoes,Sportswear,East,5,3499,17930.89
ORD02505,2025-05-03,CUST0134,Bluetooth Speaker,Electronics,South,1,1899,1880.96
ORD01057,2025-05-04,CUST0183,Sticky Notes Pack,Stationery,South,2,99,200.24
ORD02424,2025-05-04,CUST0115,Water Bottle,Sportswear,East,3,449,1384.67
ORD00314,2025-05-04,CUST0038,Wireless Mouse,Electronics,Central,3,799,2400.03
ORD01495,2025-05-05,CUST0106,Office Chair,Furniture,East,1,6499,6363.55
ORD02772,2025-05-05,CUST0058,Bluetooth Speaker,Electronics,East,1,1899,1804.45
ORD00696,2025-05-05,CUST0198,Wireless Mouse,Electronics,East,4,799,3211.04
ORD01315,2025-05-05,CUST0015,Wireless Mouse,Electronics,North,3,799,2305.06
ORD00093,2025-05-06,CUST0138,Yoga Mat,Sportswear,East,1,999,996.4
ORD01029,2025-05-06,CUST0025,Mechanical Keyboard,Electronics,East,3,2499,7275.98
ORD01161,2025-05-07,CUST0010,Water Bottle,Sportswear,North,2,449,885.74
ORD00641,2025-05-07,CUST0028,USB-C Hub,Electronics,East,3,1299,3725.21
ORD02737,2025-05-08,CUST0136,Notebook Set,Stationery,South,6,199,1148.02
ORD00367,2025-05-08,CUST0174,Whiteboard,Stationery,West,3,1499,4491.44
ORD01970,2025-05-08,CUST0194,USB-C Hub,Electronics,Central,2,1299,2482.64
ORD00590,2025-05-08,CUST0164,Sticky Notes Pack,Stationery,Central,1,99,101.13
ORD01264,2025-05-08,CUST0132,USB-C Hub,Electronics,Central,4,1299,5153.46
ORD02496,2025-05-09,CUST0036,Bluetooth Speaker,Electronics,West,2,1899,3731.37
ORD00305,2025-05-09,CUST0004,Desk Lamp,Furniture,East,2,899,1735.45
ORD00823,2025-05-09,CUST0067,Desk Lamp,Furniture,Central,1,899,863.55
ORD01809,2025-05-09,CUST0171,Wireless Mouse,Electronics,North,2,799,1627.2
ORD01904,2025-05-09,CUST0099,Standing Desk,Furniture,Central,1,12999,12687.53
ORD00023,2025-05-10,CUST0184,Office Chair,Furniture,East,2,6499,13221.74
ORD01279,2025-05-10,CUST0111,Whiteboard,Stationery,West,1,1499,1487.92
ORD02390,2025-05-10,CUST0084,Office Chair,Furniture,East,2,6499,12421.82
ORD02721,2025-05-10,CUST0113,Mechanical Keyboard,Electronics,South,1,2499,2525.37
ORD00113,2025-05-10,CUST0011,Running Shoes,Sportswear,South,3,3499,10335.03
ORD01443,2025-05-10,CUST0161,Notebook Set,Stationery,North,1,199,197.02
ORD02726,2025-05-10,CUST0154,Wireless Mouse,Electronics,East,2,799,1630.27
ORD02435,2025-05-11,CUST0138,Office Chair,Furniture,South,1,6499,6643.93
ORD01256,2025-05-11,CUST0145,Whiteboard,Stationery,South,1,1499,1426.85
ORD02337,2025-05-11,CUST0031,Bluetooth Speaker,Electronics,South,1,1899,1804.11
ORD00143,2025-05-11,CUST0044,Mechanical Keyboard,Electronics,East,3,2499,7392.77
ORD02117,2025-05-11,CUST0062,Sunglasses,Accessories,East,1,1299,1294.9
ORD01193,2025-05-12,CUST0099,Notebook Set,Stationery,South,1,199,203.11
ORD01386,2025-05-12,CUST0045,Bluetooth Speaker,Electronics,West,1,1899,1939.94
ORD02801,2025-05-12,CUST0031,Office Chair,Furniture,South,1,6499,6794.2
ORD02232,2025-05-12,CUST0075,Wireless Mouse,Electronics,North,1,799,789.49
ORD02771,2025-05-12,CUST0160,Wireless Mouse,Electronics,West,1,799,774.55
ORD02921,2025-05-12,CUST0052,Yoga Mat,Sportswear,Central,4,999,3853.6
ORD00062,2025-05-13,CUST0074,USB-C Hub,Electronics,South,2,1299,2505.25
ORD01829,2025-05-13,CUST0031,Bluetooth Speaker,Electronics,Central,1,1899,1916.41
ORD00785,2025-05-13,CUST0146,Yoga Mat,Sportswear,South,1,999,1046.44
ORD01832,2025-05-13,CUST0093,Standing Desk,Furniture,Central,2,12999,24960.39
ORD02692,2025-05-13,CUST0156,Desk Lamp,Furniture,East,1,899,932.36
ORD00444,2025-05-14,CUST0059,Sunglasses,Accessories,West,3,1299,3907.04
ORD00069,2025-05-14,CUST0061,Sticky Notes Pack,Stationery,Central,1,99,103.65
ORD01931,2025-05-14,CUST0168,Office Chair,Furniture,North,2,6499,13225.89
ORD01489,2025-05-15,CUST0146,Standing Desk,Furniture,Central,4,12999,50104.56
ORD00013,2025-05-15,CUST0037,Whiteboard,Stationery,East,2,1499,2941.33
ORD02580,2025-05-15,CUST0182,Office Chair,Furniture,South,3,6499,20237.86
ORD02008,2025-05-15,CUST0179,Water Bottle,Sportswear,North,6,449,2712.53
ORD01865,2025-05-15,CUST0003,Wireless Mouse,Electronics,Central,1,799,805.92
ORD02149,2025-05-16,CUST0105,Desk Lamp,Furniture,Central,1,899,892.78
ORD00555,2025-05-16,CUST0071,Notebook Set,Stationery,West,2,199,411.39
ORD01943,2025-05-17,CUST0186,Desk Lamp,Furniture,West,3,899,2743.86
ORD01653,2025-05-17,CUST0078,Wireless Mouse,Electronics,West,1,799,786.83
ORD02967,2025-05-17,CUST0058,Running Shoes,Sportswear,South,1,3499,3621.27
ORD00579,2025-05-18,CUST0159,Mechanical Keyboard,Electronics,East,3,2499,7139.79
ORD01010,2025-05-19,CUST0136,Bluetooth Speaker,Electronics,West,1,1899,1836.86
ORD02971,2025-05-19,CUST0014,Wireless Mouse,Electronics,West,2,799,1581.78
ORD02076,2025-05-20,CUST0107,Mechanical Keyboard,Electronics,West,3,2499,7160.8
ORD00526,2025-05-20,CUST0012,Wireless Mouse,Electronics,North,2,799,1665.49
ORD01625,2025-05-20,CUST0109,Whiteboard,Stationery,Central,2,1499,3128.58
ORD00930,2025-05-20,CUST0085,Office Chair,Furniture,Central,3,6499,18599.0
ORD01310,2025-05-21,CUST0050,Bluetooth Speaker,Electronics,West,1,1899,1843.18
ORD00929,2025-05-21,CUST0033,Sunglasses,Accessories,West,2,1299,2510.78
ORD00151,2025-05-21,CUST0185,Mechanical Keyboard,Electronics,West,5,2499,12469.85
ORD02720,2025-05-21,CUST0058,Sunglasses,Accessories,West,1,1299,1343.54
ORD00437,2025-05-21,CUST0054,Bluetooth Speaker,Electronics,Central,2,1899,3766.98
ORD00593,2025-05-22,CUST0169,Water Bottle,Sportswear,West,1,449,430.79
ORD01014,2025-05-22,CUST0033,Water Bottle,Sportswear,North,1,449,429.8
ORD01841,2025-05-22,CUST0089,Standing Desk,Furniture,West,2,12999,25376.82
ORD01093,2025-05-22,CUST0102,Yoga Mat,Sportswear,North,2,999,2028.13
ORD02702,2025-05-22,CUST0095,Sunglasses,Accessories,East,1,1299,1262.77
ORD02142,2025-05-22,CUST0155,Backpack,Accessories,South,1,1999,2051.23
ORD01421,2025-05-22,CUST0145,Standing Desk,Furniture,South,4,12999,50529.22
ORD00185,2025-05-23,CUST0104,Mechanical Keyboard,Electronics,East,1,2499,2541.58
ORD02033,2025-05-23,CUST0014,Mechanical Keyboard,Electronics,South,4,2499,10240.53
ORD00539,2025-05-23,CUST0121,Sticky Notes Pack,Stationery,South,2,99,191.36
ORD01794,2025-05-23,CUST0004,USB-C Hub,Electronics,South,1,1299,1271.96
ORD01986,2025-05-23,CUST0144,Water Bottle,Sportswear,Central,2,449,891.09
ORD01649,2025-05-24,CUST0156,Yoga Mat,Sportswear,East,3,999,2860.4
ORD00745,2025-05-24,CUST0140,Backpack,Accessories,South,3,1999,5717.8
ORD02974,2025-05-24,CUST0173,Sticky Notes Pack,Stationery,West,1,99,101.21
ORD01556,2025-05-24,CUST0147,Sticky Notes Pack,Stationery,North,1,99,102.88
ORD00860,2025-05-24,CUST0046,Water Bottle,Sportswear,South,3,449,1403.14
ORD01147,2025-05-24,CUST0042,Mechanical Keyboard,Electronics,North,1,2499,2377.46
ORD02316,2025-05-24,CUST0084,Bluetooth Speaker,Electronics,North,1,1899,1817.97
ORD01568,2025-05-24,CUST0185,Office Chair,Furniture,East,1,6499,6693.02
ORD02250,2025-05-24,CUST0057,Running Shoes,Sportswear,West,1,3499,3569.21
ORD01707,2025-05-25,CUST0003,Mechanical Keyboard,Electronics,South,1,2499,2403.0
ORD01932,2025-05-25,CUST0066,Water Bottle,Sportswear,Central,4,449,1766.99
ORD02085,2025-05-25,CUST0161,Sticky Notes Pack,Stationery,West,2,99,195.19
ORD01721,2025-05-25,CUST0081,Mechanical Keyboard,Electronics,East,1,2499,2376.61
ORD00108,2025-05-25,CUST0039,Wireless Mouse,Electronics,East,2,799,1554.7
ORD02070,2025-05-25,CUST0176,Mechanical Keyboard,Electronics,Central,2,2499,5183.13
ORD02264,2025-05-25,CUST0124,Bluetooth Speaker,Electronics,West,1,1899,1855.06
ORD01529,2025-05-26,CUST0169,Yoga Mat,Sportswear,Central,5,999,4930.22
ORD02980,2025-05-26,CUST0014,Wireless Mouse,Electronics,South,6,799,4814.97
ORD02639,2025-05-26,CUST0029,Yoga Mat,Sportswear,East,1,999,964.98
ORD02041,2025-05-26,CUST0095,Whiteboard,Stationery,South,3,1499,4614.77
ORD01905,2025-05-26,CUST0015,Sunglasses,Accessories,North,5,1299,6588.99
ORD00225,2025-05-26,CUST0161,USB-C Hub,Electronics,Central,3,1299,3989.31
ORD01511,2025-05-26,CUST0108,Backpack,Accessories,North,2,1999,3813.27
ORD02215,2025-05-26,CUST0124,Desk Lamp,Furniture,East,1,899,872.33
ORD01153,2025-05-26,CUST0173,Sunglasses,Accessories,East,3,1299,3731.46
ORD02812,2025-05-26,CUST0154,Water Bottle,Sportswear,East,4,449,1766.82
ORD02959,2025-05-26,CUST0022,Water Bottle,Sportswear,North,2,449,885.14
ORD01261,2025-05-27,CUST0060,Backpack,Accessories,East,4,1999,7677.94
ORD00363,2025-05-27,CUST0114,Sunglasses,Accessories,Central,3,1299,4063.16
ORD01076,2025-05-27,CUST0063,Sticky Notes Pack,Stationery,West,1,99,101.04
ORD02348,2025-05-27,CUST0038,Yoga Mat,Sportswear,North,3,999,2926.54
ORD00915,2025-05-27,CUST0176,Sunglasses,Accessories,South,5,1299,6294.03
ORD01533,2025-05-27,CUST0107,Wireless Mouse,Electronics,South,2,799,1526.0
ORD00578,2025-05-27,CUST0066,Sticky Notes Pack,Stationery,East,4,99,394.72
ORD02808,2025-05-27,CUST0034,Office Chair,Furniture,West,3,6499,19334.27
ORD01545,2025-05-28,CUST0173,Notebook Set,Stationery,North,1,199,193.65
ORD01255,2025-05-29,CUST0156,Standing Desk,Furniture,South,1,12999,12796.87
ORD00386,2025-05-29,CUST0013,Yoga Mat,Sportswear,North,2,999,1955.52
ORD02631,2025-05-29,CUST0180,Sticky Notes Pack,Stationery,Central,1,99,102.36
ORD01571,2025-05-29,CUST0193,Whiteboard,Stationery,North,2,1499,3065.34
ORD01740,2025-05-29,CUST0024,Yoga Mat,Sportswear,East,2,999,2061.51
ORD00815,2025-05-29,CUST0174,Mechanical Keyboard,Electronics,North,2,2499,4958.67
ORD02557,2025-05-29,CUST0180,Mechanical Keyboard,Electronics,West,5,2499,12549.19
ORD02161,2025-05-30,CUST0007,Notebook Set,Stationery,West,2,199,404.76
ORD00130,2025-05-31,CUST0036,Office Chair,Furniture,Central,1,6499,6291.96
ORD00659,2025-05-31,CUST0183,Water Bottle,Sportswear,North,3,449,1409.72
ORD01875,2025-05-31,CUST0044,Yoga Mat,Sportswear,West,1,999,990.76
ORD02984,2025-05-31,CUST0054,Mechanical Keyboard,Electronics,West,1,2499,2469.39
ORD02658,2025-05-31,CUST0096,Wireless Mouse,Electronics,West,1,799,816.32
ORD01797,2025-06-01,CUST0098,Running Shoes,Sportswear,East,2,3499,7285.21
ORD00224,2025-06-01,CUST0060,Wireless Mouse,Electronics,South,2,799,1649.55
ORD00193,2025-06-01,CUST0162,Mechanical Keyboard,Electronics,West,4,2499,10369.27
ORD01521,2025-06-01,CUST0187,Notebook Set,Stationery,North,1,199,194.6
ORD00791,2025-06-01,CUST0035,Running Shoes,Sportswear,West,2,3499,7149.58
ORD00029,2025-06-01,CUST0166,Standing Desk,Furniture,West,2,12999,25118.3
ORD01015,2025-06-01,CUST0144,Backpack,Accessories,South,1,1999,2093.63
ORD00707,2025-06-01,CUST0101,Sticky Notes Pack,Stationery,Central,1,99,95.7
ORD01032,2025-06-01,CUST0027,Sunglasses,Accessories,South,1,1299,1298.68
ORD02125,2025-06-01,CUST0140,Office Chair,Furniture,East,3,6499,18886.81
ORD01966,2025-06-02,CUST0082,Desk Lamp,Furniture,South,2,899,1865.66
ORD00770,2025-06-02,CUST0172,Sunglasses,Accessories,Central,1,1299,1243.71
ORD02575,2025-06-02,CUST0092,Sticky Notes Pack,Stationery,Central,2,99,199.39
ORD00883,2025-06-02,CUST0103,Office Chair,Furniture,Central,4,6499,26901.19
ORD00405,2025-06-03,CUST0080,Standing Desk,Furniture,South,3,12999,40791.39
ORD00049,2025-06-03,CUST0069,USB-C Hub,Electronics,North,1,1299,1249.13
ORD01660,2025-06-04,CUST0012,Sticky Notes Pack,Stationery,North,4,99,380.77
ORD01837,2025-06-04,CUST0137,Notebook Set,Stationery,West,1,199,205.01
ORD02621,2025-06-04,CUST0197,USB-C Hub,Electronics,North,1,1299,1329.37
ORD02351,2025-06-04,CUST0131,USB-C Hub,Electronics,West,1,1299,1253.83
ORD00409,2025-06-04,CUST0182,Whiteboard,Stationery,East,2,1499,3118.33
ORD00038,2025-06-04,CUST0026,Sticky Notes Pack,Stationery,East,4,99,387.83
ORD01679,2025-06-05,CUST0015,Standing Desk,Furniture,Central,1,12999,12892.16
ORD01370,2025-06-05,CUST0177,Office Chair,Furniture,South,2,6499,13458.58
ORD00487,2025-06-05,CUST0181,Office Chair,Furniture,West,2,6499,12692.07
ORD02226,2025-06-05,CUST0079,Backpack,Accessories,East,1,1999,1899.16
ORD01930,2025-06-05,CUST0140,Notebook Set,Stationery,South,1,199,203.3
ORD00247,2025-06-05,CUST0097,Backpack,Accessories,West,1,1999,2037.3
ORD01005,2025-06-05,CUST0138,Office Chair,Furniture,East,2,6499,12953.14
ORD01273,2025-06-05,CUST0199,Sticky Notes Pack,Stationery,West,1,99,97.77
ORD01518,2025-06-06,CUST0021,Bluetooth Speaker,Electronics,East,4,1899,7871.04
ORD00377,2025-06-06,CUST0147,Yoga Mat,Sportswear,North,1,999,985.04
ORD01447,2025-06-07,CUST0141,Wireless Mouse,Electronics,South,3,799,2448.33
ORD01284,2025-06-07,CUST0149,Yoga Mat,Sportswear,North,1,999,1008.03
ORD00133,2025-06-07,CUST0014,Notebook Set,Stationery,North,2,199,397.39
ORD02655,2025-06-07,CUST0102,Notebook Set,Stationery,East,3,199,573.08
ORD01464,2025-06-08,CUST0044,Backpack,Accessories,West,1,1999,2027.76
ORD00221,2025-06-08,CUST0084,Desk Lamp,Furniture,West,2,899,1873.11
ORD01289,2025-06-09,CUST0111,Standing Desk,Furniture,South,2,12999,24758.28
ORD01848,2025-06-09,CUST0095,Yoga Mat,Sportswear,South,1,999,994.51
ORD01979,2025-06-09,CUST0153,Yoga Mat,Sportswear,Central,1,999,1000.48
ORD01963,2025-06-09,CUST0148,Water Bottle,Sportswear,North,2,449,863.18
ORD00053,2025-06-09,CUST0171,Running Shoes,Sportswear,Central,3,3499,10823.67
ORD02245,2025-06-10,CUST0135,Sticky Notes Pack,Stationery,North,2,99,194.24
ORD01321,2025-06-10,CUST0006,Standing Desk,Furniture,North,4,12999,53402.4
ORD00031,2025-06-10,CUST0128,Bluetooth Speaker,Electronics,East,1,1899,1945.81
ORD00210,2025-06-10,CUST0068,Whiteboard,Stationery,South,2,1499,2934.65
ORD01768,2025-06-10,CUST0006,Office Chair,Furniture,East,1,6499,6658.52
ORD02610,2025-06-11,CUST0094,Sticky Notes Pack,Stationery,East,2,99,195.64
ORD01698,2025-06-11,CUST0003,Running Shoes,Sportswear,Central,2,3499,6765.04
ORD02605,2025-06-11,CUST0169,Water Bottle,Sportswear,South,2,449,857.12
ORD00127,2025-06-11,CUST0187,Yoga Mat,Sportswear,Central,5,999,4872.07
ORD02159,2025-06-11,CUST0115,Yoga Mat,Sportswear,West,2,999,1970.57
ORD01527,2025-06-11,CUST0171,Standing Desk,Furniture,West,1,12999,12999.96
ORD00385,2025-06-11,CUST0028,Whiteboard,Stationery,West,1,1499,1534.77
ORD02633,2025-06-12,CUST0091,Mechanical Keyboard,Electronics,West,3,2499,7622.6
ORD01695,2025-06-12,CUST0152,Mechanical Keyboard,Electronics,Central,2,2499,5140.16
ORD02565,2025-06-12,CUST0067,Running Shoes,Sportswear,Central,2,3499,6660.74
ORD00176,2025-06-12,CUST0174,Wireless Mouse,Electronics,North,3,799,2509.23
ORD02388,2025-06-12,CUST0170,Wireless Mouse,Electronics,South,1,799,832.24
ORD00976,2025-06-12,CUST0029,Running Shoes,Sportswear,East,2,3499,6856.22
ORD02133,2025-06-12,CUST0002,Yoga Mat,Sportswear,North,1,999,993.38
ORD02447,2025-06-12,CUST0074,Wireless Mouse,Electronics,South,2,799,1672.98
ORD00288,2025-06-12,CUST0106,Desk Lamp,Furniture,North,2,899,1844.64
ORD02003,2025-06-12,CUST0047,Wireless Mouse,Electronics,South,1,799,831.72
ORD01853,2025-06-12,CUST0068,Sunglasses,Accessories,East,1,1299,1301.76
ORD00362,2025-06-12,CUST0081,Sunglasses,Accessories,North,1,1299,1344.98
ORD01243,2025-06-13,CUST0161,Bluetooth Speaker,Electronics,North,5,1899,9425.26
ORD00448,2025-06-13,CUST0176,USB-C Hub,Electronics,North,3,1299,3964.21
ORD02591,2025-06-14,CUST0083,Water Bottle,Sportswear,Central,2,449,942.4
ORD02583,2025-06-14,CUST0172,Sunglasses,Accessories,North,3,1299,3770.75
ORD01128,2025-06-14,CUST0050,Desk Lamp,Furniture,West,2,899,1885.3
ORD02755,2025-06-14,CUST0151,USB-C Hub,Electronics,South,3,1299,4089.78
ORD01864,2025-06-14,CUST0052,Water Bottle,Sportswear,North,2,449,940.63
ORD02607,2025-06-14,CUST0107,Notebook Set,Stationery,South,2,199,404.16
ORD01059,2025-06-14,CUST0026,Standing Desk,Furniture,North,1,12999,12973.14
ORD00082,2025-06-15,CUST0074,Wireless Mouse,Electronics,North,5,799,4165.42
ORD02752,2025-06-15,CUST0098,Whiteboard,Stationery,East,2,1499,3048.92
ORD01927,2025-06-15,CUST0090,Sunglasses,Accessories,East,5,1299,6725.79
ORD00548,2025-06-15,CUST0143,Wireless Mouse,Electronics,Central,3,799,2310.61
ORD01981,2025-06-15,CUST0188,Running Shoes,Sportswear,East,3,3499,10658.19
ORD01309,2025-06-15,CUST0060,Running Shoes,Sportswear,East,2,3499,6734.5
ORD01336,2025-06-15,CUST0188,Water Bottle,Sportswear,West,4,449,1802.31
ORD01103,2025-06-16,CUST0070,Bluetooth Speaker,Electronics,North,5,1899,9730.86
ORD00006,2025-06-16,CUST0111,Mechanical Keyboard,Electronics,West,4,2499,10180.16
ORD02410,2025-06-16,CUST0038,Yoga Mat,Sportswear,North,3,999,3108.66
ORD01557,2025-06-16,CUST0024,Running Shoes,Sportswear,South,3,3499,10161.96
ORD02088,2025-06-16,CUST0112,Desk Lamp,Furniture,South,1,899,924.19
ORD01319,2025-06-17,CUST0061,Water Bottle,Sportswear,North,1,449,428.4
ORD01633,2025-06-17,CUST0112,Standing Desk,Furniture,South,1,12999,12620.4
ORD02488,2025-06-17,CUST0190,Desk Lamp,Furniture,North,1,899,874.21
ORD02253,2025-06-17,CUST0018,Wireless Mouse,Electronics,North,1,799,830.51
ORD00649,2025-06-17,CUST0146,USB-C Hub,Electronics,North,1,1299,1245.93
ORD00431,2025-06-17,CUST0013,USB-C Hub,Electronics,East,1,1299,1296.7
ORD01296,2025-06-18,CUST0100,Bluetooth Speaker,Electronics,South,2,1899,3639.5
ORD00262,2025-06-18,CUST0149,Whiteboard,Stationery,West,1,1499,1569.23
ORD02210,2025-06-18,CUST0017,Sunglasses,Accessories,North,3,1299,3869.81
ORD01053,2025-06-18,CUST0031,USB-C Hub,Electronics,West,1,1299,1286.87
ORD01221,2025-06-19,CUST0017,Mechanical Keyboard,Electronics,South,1,2499,2416.53
ORD01134,2025-06-19,CUST0013,Water Bottle,Sportswear,East,4,449,1720.74
ORD02894,2025-06-19,CUST0178,Sticky Notes Pack,Stationery,North,4,99,404.97
ORD00408,2025-06-19,CUST0022,Yoga Mat,Sportswear,Central,1,999,1029.8
ORD00754,2025-06-19,CUST0150,Standing Desk,Furniture,West,1,12999,13213.14
ORD00967,2025-06-19,CUST0146,Mechanical Keyboard,Electronics,North,2,2499,5080.85
ORD02750,2025-06-20,CUST0088,Desk Lamp,Furniture,South,2,899,1858.54
ORD02676,2025-06-20,CUST0173,Yoga Mat,Sportswear,South,2,999,1909.94
ORD00694,2025-06-20,CUST0046,Wireless Mouse,Electronics,Central,3,799,2346.42
ORD00684,2025-06-20,CUST0196,Desk Lamp,Furniture,East,4,899,3608.57
ORD02685,2025-06-20,CUST0130,Bluetooth Speaker,Electronics,West,1,1899,1966.79
ORD02794,2025-06-20,CUST0149,Sticky Notes Pack,Stationery,Central,2,99,203.01
ORD02665,2025-06-20,CUST0174,Backpack,Accessories,East,2,1999,4002.41
ORD01631,2025-06-21,CUST0157,Sunglasses,Accessories,South,2,1299,2713.1
ORD01592,2025-06-21,CUST0066,USB-C Hub,Electronics,Central,1,1299,1271.01
ORD00626,2025-06-21,CUST0142,Sunglasses,Accessories,West,3,1299,4075.46
ORD01995,2025-06-21,CUST0075,Standing Desk,Furniture,North,3,12999,38276.49
ORD01116,2025-06-22,CUST0155,Wireless Mouse,Electronics,South,5,799,3846.68
ORD02283,2025-06-22,CUST0018,Wireless Mouse,Electronics,North,1,799,798.19
ORD00252,2025-06-22,CUST0149,Bluetooth Speaker,Electronics,West,1,1899,1926.74
ORD02031,2025-06-22,CUST0069,Desk Lamp,Furniture,West,1,899,863.81
ORD02075,2025-06-22,CUST0022,Water Bottle,Sportswear,South,1,449,452.28
ORD01337,2025-06-23,CUST0146,Yoga Mat,Sportswear,West,2,999,1994.26
ORD02251,2025-06-23,CUST0187,Backpack,Accessories,Central,3,1999,5892.51
ORD01145,2025-06-24,CUST0035,Wireless Mouse,Electronics,South,3,799,2375.7
ORD02928,2025-06-24,CUST0163,Sticky Notes Pack,Stationery,South,2,99,206.03
ORD00570,2025-06-24,CUST0071,Yoga Mat,Sportswear,Central,1,999,982.22
ORD01450,2025-06-24,CUST0195,Backpack,Accessories,South,1,1999,2082.43
ORD01269,2025-06-24,CUST0031,Bluetooth Speaker,Electronics,South,1,1899,1836.4
ORD00470,2025-06-24,CUST0129,Sticky Notes Pack,Stationery,South,1,99,98.13
ORD00391,2025-06-24,CUST0153,Backpack,Accessories,North,1,1999,1986.11
ORD01968,2025-06-25,CUST0071,Wireless Mouse,Electronics,Central,3,799,2382.04
ORD00161,2025-06-25,CUST0081,Sticky Notes Pack,Stationery,South,2,99,205.81
ORD01723,2025-06-25,CUST0092,Office Chair,Furniture,West,3,6499,19915.9
ORD02714,2025-06-25,CUST0176,Bluetooth Speaker,Electronics,East,2,1899,3839.06
ORD00984,2025-06-25,CUST0185,Wireless Mouse,Electronics,Central,6,799,4912.7
ORD01348,2025-06-25,CUST0131,USB-C Hub,Electronics,North,3,1299,4043.22
ORD00831,2025-06-25,CUST0020,Sunglasses,Accessories,South,1,1299,1263.03
ORD01211,2025-06-25,CUST0148,Sunglasses,Accessories,Central,1,1299,1319.41
ORD00121,2025-06-26,CUST0199,Water Bottle,Sportswear,North,2,449,912.69
ORD01017,2025-06-26,CUST0076,Sunglasses,Accessories,South,2,1299,2719.84
ORD00963,2025-06-26,CUST0107,Office Chair,Furniture,West,3,6499,18749.77
ORD01643,2025-06-26,CUST0195,Wireless Mouse,Electronics,East,1,799,809.21
ORD02646,2025-06-26,CUST0197,USB-C Hub,Electronics,South,3,1299,4018.51
ORD02466,2025-06-26,CUST0189,Standing Desk,Furniture,West,2,12999,26831.72
ORD01538,2025-06-26,CUST0198,Sunglasses,Accessories,West,3,1299,3919.53
ORD01599,2025-06-26,CUST0059,Mechanical Keyboard,Electronics,Central,5,2499,12131.26
ORD00647,2025-06-26,CUST0194,Desk Lamp,Furniture,North,2,899,1832.88
ORD00830,2025-06-27,CUST0161,Desk Lamp,Furniture,Central,2,899,1866.1
ORD01422,2025-06-27,CUST0071,Office Chair,Furniture,West,1,6499,6651.01
ORD00998,2025-06-27,CUST0068,Sticky Notes Pack,Stationery,Central,2,99,204.68
ORD00302,2025-06-27,CUST0041,Running Shoes,Sportswear,West,3,3499,10273.56
ORD02376,2025-06-28,CUST0102,Notebook Set,Stationery,South,4,199,777.82
ORD00120,2025-06-28,CUST0088,Standing Desk,Furniture,North,1,12999,12893.61
ORD02682,2025-06-28,CUST0176,Office Chair,Furniture,West,3,6499,19879.48
ORD00926,2025-06-29,CUST0192,Sunglasses,Accessories,East,5,1299,6344.48
ORD00794,2025-06-29,CUST0188,Mechanical Keyboard,Electronics,South,3,2499,7730.63
ORD00571,2025-06-29,CUST0021,Yoga Mat,Sportswear,Central,4,999,3882.61
ORD01541,2025-06-29,CUST0185,Water Bottle,Sportswear,Central,2,449,861.21
ORD01838,2025-06-29,CUST0120,Standing Desk,Furniture,East,1,12999,12620.11
ORD01977,2025-06-29,CUST0046,Office Chair,Furniture,East,1,6499,6785.33
ORD00524,2025-06-29,CUST0158,Sticky Notes Pack,Stationery,North,1,99,100.25
ORD02224,2025-06-30,CUST0003,Backpack,Accessories,West,2,1999,4118.0
ORD02483,2025-06-30,CUST0135,Bluetooth Speaker,Electronics,West,1,1899,1907.81
ORD00512,2025-06-30,CUST0018,Notebook Set,Stationery,East,1,199,195.96
ORD01384,2025-06-30,CUST0091,Backpack,Accessories,West,2,1999,3856.62
ORD01717,2025-06-30,CUST0184,Office Chair,Furniture,Central,3,6499,19778.53
ORD01369,2025-06-30,CUST0127,Standing Desk,Furniture,North,1,12999,12801.07
ORD00835,2025-06-30,CUST0128,Mechanical Keyboard,Electronics,West,2,2499,5086.53
ORD02056,2025-06-30,CUST0180,Yoga Mat,Sportswear,West,2,999,2059.03
ORD00584,2025-07-01,CUST0084,Mechanical Keyboard,Electronics,West,1,2499,2374.39
ORD00389,2025-07-01,CUST0122,Bluetooth Speaker,Electronics,West,1,1899,1892.18
ORD02080,2025-07-01,CUST0054,Sunglasses,Accessories,Central,2,1299,2685.72
ORD02258,2025-07-01,CUST0188,Mechanical Keyboard,Electronics,South,1,2499,2419.36
ORD00807,2025-07-01,CUST0064,Water Bottle,Sportswear,Central,1,449,447.38
ORD00066,2025-07-01,CUST0141,Desk Lamp,Furniture,South,2,899,1796.67
ORD00893,2025-07-01,CUST0191,Sticky Notes Pack,Stationery,East,1,99,95.14
ORD01427,2025-07-01,CUST0165,Backpack,Accessories,South,1,1999,2085.51
ORD02627,2025-07-01,CUST0194,Running Shoes,Sportswear,East,1,3499,3490.59
ORD00264,2025-07-02,CUST0022,Whiteboard,Stationery,West,2,1499,3031.86
ORD00253,2025-07-02,CUST0082,Office Chair,Furniture,East,1,6499,6385.06
ORD02915,2025-07-02,CUST0064,Water Bottle,Sportswear,Central,4,449,1749.61
ORD02502,2025-07-02,CUST0051,Desk Lamp,Furniture,Central,1,899,918.76
ORD02236,2025-07-02,CUST0142,Notebook Set,Stationery,Central,1,199,192.08
ORD00084,2025-07-02,CUST0025,Sunglasses,Accessories,East,2,1299,2649.05
ORD00719,2025-07-02,CUST0134,Yoga Mat,Sportswear,Central,3,999,3127.89
ORD00149,2025-07-02,CUST0004,Desk Lamp,Furniture,Central,1,899,882.39
ORD00281,2025-07-02,CUST0047,Wireless Mouse,Electronics,East,1,799,776.68
ORD01130,2025-07-02,CUST0090,USB-C Hub,Electronics,South,2,1299,2468.31
ORD01087,2025-07-03,CUST0059,Desk Lamp,Furniture,West,1,899,871.44
ORD00771,2025-07-03,CUST0081,Desk Lamp,Furniture,Central,2,899,1770.53
ORD00359,2025-07-03,CUST0115,Bluetooth Speaker,Electronics,East,1,1899,1988.18
ORD01775,2025-07-04,CUST0045,Sticky Notes Pack,Stationery,North,3,99,283.21
ORD00205,2025-07-04,CUST0084,Desk Lamp,Furniture,Central,2,899,1828.0
ORD01249,2025-07-04,CUST0084,Sticky Notes Pack,Stationery,South,1,99,102.84
ORD02303,2025-07-04,CUST0190,Bluetooth Speaker,Electronics,East,3,1899,5907.99
ORD02550,2025-07-04,CUST0162,Desk Lamp,Furniture,Central,3,899,2586.2
ORD02021,2025-07-04,CUST0055,Sunglasses,Accessories,East,1,1299,1362.0
ORD01795,2025-07-04,CUST0122,Backpack,Accessories,Central,1,1999,1901.34
ORD01367,2025-07-04,CUST0130,Office Chair,Furniture,East,1,6499,6808.36
ORD02687,2025-07-05,CUST0147,Standing Desk,Furniture,Central,2,12999,27049.37
ORD01008,2025-07-05,CUST0136,Mechanical Keyboard,Electronics,East,1,2499,2423.92
ORD01871,2025-07-05,CUST0123,Notebook Set,Stationery,East,1,199,206.88
ORD02883,2025-07-05,CUST0131,Yoga Mat,Sportswear,Central,1,999,1009.68
ORD02969,2025-07-05,CUST0134,Mechanical Keyboard,Electronics,South,3,2499,7474.32
ORD02543,2025-07-05,CUST0174,Desk Lamp,Furniture,South,2,899,1886.13
ORD00140,2025-07-06,CUST0036,Desk Lamp,Furniture,West,4,899,3590.16
ORD00515,2025-07-06,CUST0014,Whiteboard,Stationery,West,5,1499,7504.67
ORD00619,2025-07-06,CUST0176,Sunglasses,Accessories,North,1,1299,1356.1
ORD00806,2025-07-06,CUST0064,Standing Desk,Furniture,Central,4,12999,52371.27
ORD01135,2025-07-07,CUST0185,Water Bottle,Sportswear,Central,2,449,887.05
ORD00148,2025-07-07,CUST0168,Water Bottle,Sportswear,South,1,449,457.81
ORD00602,2025-07-07,CUST0086,Whiteboard,Stationery,East,1,1499,1516.55
ORD00990,2025-07-07,CUST0084,Water Bottle,Sportswear,North,5,449,2207.5
ORD02102,2025-07-08,CUST0171,Yoga Mat,Sportswear,South,3,999,2925.71
ORD01641,2025-07-08,CUST0156,Mechanical Keyboard,Electronics,South,1,2499,2497.39
ORD00617,2025-07-08,CUST0036,USB-C Hub,Electronics,South,1,1299,1267.08
ORD01463,2025-07-08,CUST0155,Notebook Set,Stationery,East,2,199,414.49
ORD00331,2025-07-09,CUST0090,Notebook Set,Stationery,Central,1,199,191.2
ORD02936,2025-07-09,CUST0123,Sticky Notes Pack,Stationery,South,4,99,397.01
ORD00910,2025-07-09,CUST0132,Desk Lamp,Furniture,South,1,899,910.53
ORD00554,2025-07-09,CUST0031,Bluetooth Speaker,Electronics,East,1,1899,1971.03
ORD00311,2025-07-09,CUST0175,Wireless Mouse,Electronics,South,1,799,786.85
ORD02134,2025-07-09,CUST0092,Whiteboard,Stationery,Central,2,1499,3111.71
ORD02725,2025-07-10,CUST0044,USB-C Hub,Electronics,East,3,1299,4038.04
ORD00655,2025-07-10,CUST0052,Notebook Set,Stationery,Central,3,199,576.33
ORD01530,2025-07-10,CUST0168,Water Bottle,Sportswear,East,1,449,427.3
ORD02147,2025-07-10,CUST0016,Water Bottle,Sportswear,North,1,449,442.47
ORD00668,2025-07-10,CUST0027,Notebook Set,Stationery,North,3,199,570.35
ORD00986,2025-07-10,CUST0070,Whiteboard,Stationery,Central,1,1499,1448.0
ORD01655,2025-07-10,CUST0101,Backpack,Accessories,South,1,1999,1920.67
ORD00869,2025-07-11,CUST0115,USB-C Hub,Electronics,South,1,1299,1322.41
ORD00661,2025-07-11,CUST0111,Office Chair,Furniture,North,1,6499,6348.98
ORD01177,2025-07-11,CUST0033,Sticky Notes Pack,Stationery,Central,1,99,101.03
ORD00720,2025-07-11,CUST0123,Bluetooth Speaker,Electronics,Central,1,1899,1866.31
ORD01676,2025-07-11,CUST0116,Bluetooth Speaker,Electronics,West,1,1899,1910.58
ORD00003,2025-07-11,CUST0089,Yoga Mat,Sportswear,North,1,999,1001.47
ORD01345,2025-07-12,CUST0034,Whiteboard,Stationery,North,1,1499,1525.4
ORD00599,2025-07-12,CUST0157,Sunglasses,Accessories,West,1,1299,1286.36
ORD00413,2025-07-12,CUST0068,Wireless Mouse,Electronics,Central,1,799,777.02
ORD01514,2025-07-12,CUST0069,Desk Lamp,Furniture,South,2,899,1765.16
ORD01613,2025-07-12,CUST0039,Sunglasses,Accessories,East,2,1299,2539.0
ORD02618,2025-07-13,CUST0130,Bluetooth Speaker,Electronics,East,3,1899,5946.63
ORD02362,2025-07-13,CUST0129,Water Bottle,Sportswear,South,3,449,1367.65
ORD02879,2025-07-13,CUST0159,Office Chair,Furniture,South,2,6499,12914.11
ORD01035,2025-07-13,CUST0011,Yoga Mat,Sportswear,East,1,999,1008.0
ORD02825,2025-07-13,CUST0100,Yoga Mat,Sportswear,North,2,999,2012.1
ORD01413,2025-07-13,CUST0097,Office Chair,Furniture,West,3,6499,19559.3
ORD01778,2025-07-13,CUST0164,Desk Lamp,Furniture,Central,5,899,4631.24
ORD00394,2025-07-14,CUST0079,Water Bottle,Sportswear,West,1,449,448.29
ORD01873,2025-07-14,CUST0138,Bluetooth Speaker,Electronics,North,2,1899,3684.18
ORD01756,2025-07-14,CUST0018,Notebook Set,Stationery,North,6,199,1240.08
ORD00924,2025-07-14,CUST0011,Running Shoes,Sportswear,West,1,3499,3337.19
ORD00085,2025-07-14,CUST0147,Running Shoes,Sportswear,Central,1,3499,3391.33
ORD01157,2025-07-14,CUST0096,Sunglasses,Accessories,North,1,1299,1234.35
ORD02828,2025-07-15,CUST0180,Mechanical Keyboard,Electronics,South,6,2499,14449.8
ORD00056,2025-07-15,CUST0152,Sticky Notes Pack,Stationery,East,5,99,479.03
ORD01171,2025-07-15,CUST0106,Desk Lamp,Furniture,East,1,899,918.8
ORD00776,2025-07-15,CUST0170,USB-C Hub,Electronics,North,1,1299,1272.43
ORD01233,2025-07-15,CUST0197,USB-C Hub,Electronics,West,6,1299,7985.65
ORD01719,2025-07-15,CUST0146,Yoga Mat,Sportswear,South,3,999,2999.37
ORD02797,2025-07-15,CUST0030,Backpack,Accessories,East,1,1999,1984.79
ORD00726,2025-07-16,CUST0191,USB-C Hub,Electronics,North,3,1299,3961.96
ORD02196,2025-07-16,CUST0073,Office Chair,Furniture,North,2,6499,13252.58
ORD01952,2025-07-17,CUST0172,Water Bottle,Sportswear,North,3,449,1290.35
ORD02732,2025-07-17,CUST0115,USB-C Hub,Electronics,West,1,1299,1305.95
ORD01637,2025-07-17,CUST0084,Sunglasses,Accessories,West,2,1299,2712.61
ORD01294,2025-07-17,CUST0027,Notebook Set,Stationery,South,1,199,197.22
ORD02867,2025-07-17,CUST0112,Standing Desk,Furniture,North,1,12999,12501.02
ORD00426,2025-07-17,CUST0126,Wireless Mouse,Electronics,North,1,799,769.05
ORD00109,2025-07-17,CUST0033,Standing Desk,Furniture,West,3,12999,40473.54
ORD00415,2025-07-18,CUST0136,Sunglasses,Accessories,North,6,1299,7563.66
ORD00475,2025-07-18,CUST0174,Backpack,Accessories,North,3,1999,5705.17
ORD01460,2025-07-18,CUST0019,Bluetooth Speaker,Electronics,West,2,1899,3842.07
ORD01945,2025-07-18,CUST0170,USB-C Hub,Electronics,Central,4,1299,5097.28
ORD01913,2025-07-18,CUST0131,Water Bottle,Sportswear,North,1,449,450.15
ORD02711,2025-07-18,CUST0035,Sunglasses,Accessories,West,2,1299,2471.1
ORD02900,2025-07-18,CUST0032,Whiteboard,Stationery,East,3,1499,4358.61
ORD00749,2025-07-19,CUST0083,Office Chair,Furniture,East,3,6499,18646.53
ORD01305,2025-07-19,CUST0132,Backpack,Accessories,West,3,1999,5900.16
ORD01642,2025-07-19,CUST0160,USB-C Hub,Electronics,South,1,1299,1316.73
ORD02265,2025-07-20,CUST0036,Bluetooth Speaker,Electronics,Central,1,1899,1854.09
ORD00514,2025-07-20,CUST0144,Sunglasses,Accessories,West,3,1299,4013.8
ORD01317,2025-07-20,CUST0179,Whiteboard,Stationery,West,3,1499,4587.82
ORD00074,2025-07-20,CUST0035,Wireless Mouse,Electronics,Central,2,799,1539.38
ORD01886,2025-07-20,CUST0134,Backpack,Accessories,Central,2,1999,4010.86
ORD02455,2025-07-20,CUST0117,USB-C Hub,Electronics,West,2,1299,2690.32
ORD00423,2025-07-21,CUST0017,Running Shoes,Sportswear,West,2,3499,7087.88
ORD01338,2025-07-21,CUST0102,Sticky Notes Pack,Stationery,East,1,99,95.74
ORD01458,2025-07-21,CUST0117,Water Bottle,Sportswear,Central,6,449,2656.94
ORD00347,2025-07-21,CUST0126,Yoga Mat,Sportswear,East,1,999,987.6
ORD02670,2025-07-21,CUST0011,Sticky Notes Pack,Stationery,Central,2,99,196.97
ORD02246,2025-07-21,CUST0003,Office Chair,Furniture,West,1,6499,6241.28
ORD00886,2025-07-21,CUST0127,Notebook Set,Stationery,North,2,199,396.43
ORD01055,2025-07-22,CUST0086,Office Chair,Furniture,West,5,6499,31852.5
ORD00267,2025-07-22,CUST0002,Standing Desk,Furniture,Central,2,12999,26590.62
ORD00321,2025-07-22,CUST0196,Office Chair,Furniture,East,1,6499,6657.05
ORD01577,2025-07-22,CUST0103,Wireless Mouse,Electronics,West,1,799,791.69
ORD01925,2025-07-22,CUST0016,Whiteboard,Stationery,West,2,1499,2872.39
ORD00291,2025-07-22,CUST0149,Bluetooth Speaker,Electronics,South,1,1899,1971.57
ORD01534,2025-07-23,CUST0113,Sticky Notes Pack,Stationery,West,1,99,94.3
ORD00847,2025-07-23,CUST0062,Water Bottle,Sportswear,East,2,449,883.83
ORD02800,2025-07-24,CUST0134,Running Shoes,Sportswear,North,1,3499,3451.53
ORD01012,2025-07-24,CUST0077,Water Bottle,Sportswear,West,3,449,1322.83
ORD00289,2025-07-24,CUST0184,Standing Desk,Furniture,East,1,12999,12982.84
ORD01891,2025-07-24,CUST0108,Bluetooth Speaker,Electronics,West,1,1899,1826.62
ORD00878,2025-07-24,CUST0178,Whiteboard,Stationery,West,5,1499,7219.54
ORD00922,2025-07-24,CUST0115,Office Chair,Furniture,North,1,6499,6619.24
ORD01235,2025-07-24,CUST0032,Sunglasses,Accessories,West,1,1299,1268.64
ORD00241,2025-07-25,CUST0065,Bluetooth Speaker,Electronics,Central,4,1899,7676.8
ORD02066,2025-07-25,CUST0094,Backpack,Accessories,West,2,1999,3946.01
ORD00422,2025-07-25,CUST0016,Whiteboard,Stationery,East,5,1499,7562.93
ORD00204,2025-07-25,CUST0050,Yoga Mat,Sportswear,Central,3,999,3132.41
ORD00908,2025-07-25,CUST0049,Mechanical Keyboard,Electronics,South,4,2499,10427.49
ORD00605,2025-07-26,CUST0042,Sunglasses,Accessories,East,1,1299,1240.3
ORD00759,2025-07-26,CUST0158,Desk Lamp,Furniture,Central,3,899,2793.51
ORD02472,2025-07-26,CUST0071,Backpack,Accessories,West,1,1999,1968.82
ORD01858,2025-07-26,CUST0051,Sunglasses,Accessories,Central,1,1299,1353.03
ORD00015,2025-07-26,CUST0179,Sunglasses,Accessories,North,1,1299,1291.12
ORD02581,2025-07-26,CUST0067,Desk Lamp,Furniture,Central,3,899,2656.9
ORD02758,2025-07-27,CUST0003,Yoga Mat,Sportswear,North,4,999,4159.35
ORD01767,2025-07-28,CUST0092,Desk Lamp,Furniture,East,2,899,1853.3
ORD02910,2025-07-28,CUST0157,Sticky Notes Pack,Stationery,North,2,99,203.11
ORD00677,2025-07-28,CUST0035,Office Chair,Furniture,Central,3,6499,20052.79
ORD00274,2025-07-28,CUST0070,Backpack,Accessories,East,2,1999,3928.81
ORD01693,2025-07-28,CUST0185,Notebook Set,Stationery,Central,1,199,207.05
ORD02370,2025-07-28,CUST0026,Whiteboard,Stationery,West,1,1499,1565.76
ORD02520,2025-07-28,CUST0042,Backpack,Accessories,Central,3,1999,5751.04
ORD01392,2025-07-28,CUST0195,Office Chair,Furniture,Central,2,6499,12399.32
ORD02293,2025-07-28,CUST0162,USB-C Hub,Electronics,East,1,1299,1332.66
ORD00777,2025-07-29,CUST0032,Wireless Mouse,Electronics,West,2,799,1661.24
ORD01122,2025-07-29,CUST0131,Notebook Set,Stationery,East,3,199,583.08
ORD01617,2025-07-29,CUST0034,Sunglasses,Accessories,North,2,1299,2533.72
ORD02399,2025-07-29,CUST0171,Standing Desk,Furniture,North,2,12999,26254.66
ORD00533,2025-07-29,CUST0111,Notebook Set,Stationery,West,4,199,769.32
ORD00779,2025-07-30,CUST0047,Water Bottle,Sportswear,East,2,449,898.4
ORD01803,2025-07-30,CUST0169,Wireless Mouse,Electronics,West,3,799,2466.5
ORD00603,2025-07-30,CUST0115,Notebook Set,Stationery,South,1,199,208.22
ORD00942,2025-07-31,CUST0177,Mechanical Keyboard,Electronics,West,7,2499,17075.61
ORD00451,2025-07-31,CUST0151,Water Bottle,Sportswear,West,1,449,435.5
ORD02464,2025-07-31,CUST0038,Bluetooth Speaker,Electronics,Central,1,1899,1872.8
ORD01942,2025-08-01,CUST0090,Water Bottle,Sportswear,East,2,449,873.55
ORD00268,2025-08-01,CUST0151,Sunglasses,Accessories,West,1,1299,1359.42
ORD00464,2025-08-01,CUST0118,Water Bottle,Sportswear,Central,2,449,870.51
ORD01988,2025-08-02,CUST0076,Sticky Notes Pack,Stationery,North,2,99,188.9
ORD02547,2025-08-02,CUST0033,Mechanical Keyboard,Electronics,North,2,2499,4962.32
ORD00757,2025-08-02,CUST0124,Wireless Mouse,Electronics,North,1,799,828.0
ORD01612,2025-08-03,CUST0053,Sunglasses,Accessories,South,1,1299,1325.79
ORD02332,2025-08-03,CUST0148,Wireless Mouse,Electronics,South,2,799,1659.34
ORD01239,2025-08-03,CUST0155,Water Bottle,Sportswear,East,4,449,1784.65
ORD00610,2025-08-03,CUST0111,Water Bottle,Sportswear,North,1,449,452.8
ORD01791,2025-08-03,CUST0065,Desk Lamp,Furniture,North,4,899,3695.55
ORD02069,2025-08-03,CUST0116,Bluetooth Speaker,Electronics,Central,4,1899,7748.04
ORD02042,2025-08-04,CUST0135,Office Chair,Furniture,East,1,6499,6797.91
ORD01846,2025-08-04,CUST0014,Desk Lamp,Furniture,North,3,899,2604.86
ORD02609,2025-08-04,CUST0150,Sunglasses,Accessories,Central,1,1299,1322.34
ORD02972,2025-08-04,CUST0019,Backpack,Accessories,Central,2,1999,3887.63
ORD01567,2025-08-04,CUST0033,Mechanical Keyboard,Electronics,West,1,2499,2505.11
ORD01084,2025-08-04,CUST0196,Desk Lamp,Furniture,Central,1,899,862.1
ORD00112,2025-08-04,CUST0076,Bluetooth Speaker,Electronics,Central,2,1899,3695.17
ORD01647,2025-08-05,CUST0059,Running Shoes,Sportswear,West,2,3499,6859.88
ORD01972,2025-08-05,CUST0041,Sunglasses,Accessories,South,1,1299,1355.91
ORD02955,2025-08-05,CUST0148,Whiteboard,Stationery,West,1,1499,1553.19
ORD01058,2025-08-05,CUST0024,Sunglasses,Accessories,East,2,1299,2623.95
ORD02263,2025-08-05,CUST0067,Sunglasses,Accessories,Central,2,1299,2725.23
ORD02501,2025-08-06,CUST0097,Office Chair,Furniture,East,8,6499,51614.72
ORD02272,2025-08-07,CUST0054,Mechanical Keyboard,Electronics,West,2,2499,5023.45
ORD02756,2025-08-07,CUST0007,Whiteboard,Stationery,East,1,1499,1461.6
ORD01468,2025-08-07,CUST0064,Sunglasses,Accessories,South,1,1299,1361.98
ORD00767,2025-08-07,CUST0116,Office Chair,Furniture,West,1,6499,6779.11
ORD01544,2025-08-07,CUST0092,Running Shoes,Sportswear,South,2,3499,7248.73
ORD01469,2025-08-08,CUST0108,USB-C Hub,Electronics,North,3,1299,4061.44
ORD02832,2025-08-08,CUST0127,Running Shoes,Sportswear,West,3,3499,10340.32
ORD02169,2025-08-08,CUST0127,Desk Lamp,Furniture,North,1,899,939.15
ORD00067,2025-08-08,CUST0061,Backpack,Accessories,North,1,1999,1922.8
ORD01818,2025-08-08,CUST0020,Wireless Mouse,Electronics,South,1,799,792.59
ORD02331,2025-08-08,CUST0101,Yoga Mat,Sportswear,West,3,999,2913.53
ORD00607,2025-08-08,CUST0007,Wireless Mouse,Electronics,East,2,799,1660.9
ORD02838,2025-08-08,CUST0101,Notebook Set,Stationery,South,4,199,788.32
ORD01262,2025-08-08,CUST0111,Whiteboard,Stationery,South,5,1499,7442.9
ORD00916,2025-08-09,CUST0183,Running Shoes,Sportswear,Central,2,3499,7032.58
ORD01691,2025-08-09,CUST0043,Sticky Notes Pack,Stationery,Central,1,99,94.51
ORD01251,2025-08-09,CUST0042,Yoga Mat,Sportswear,West,3,999,2897.22
ORD01056,2025-08-09,CUST0161,Whiteboard,Stationery,Central,2,1499,3016.46
ORD02023,2025-08-09,CUST0058,Notebook Set,Stationery,East,2,199,398.02
ORD01168,2025-08-09,CUST0191,USB-C Hub,Electronics,Central,2,1299,2671.26
ORD01231,2025-08-09,CUST0125,Notebook Set,Stationery,South,2,199,411.93
ORD01172,2025-08-09,CUST0155,Wireless Mouse,Electronics,South,4,799,3257.85
ORD02028,2025-08-09,CUST0186,Wireless Mouse,Electronics,South,4,799,3154.97
ORD01743,2025-08-10,CUST0055,Backpack,Accessories,South,2,1999,4140.59
ORD02704,2025-08-10,CUST0199,Wireless Mouse,Electronics,Central,2,799,1626.47
ORD02058,2025-08-10,CUST0068,Sticky Notes Pack,Stationery,Central,1,99,101.45
ORD00052,2025-08-11,CUST0002,Sticky Notes Pack,Stationery,North,4,99,378.99
ORD01016,2025-08-12,CUST0016,Running Shoes,Sportswear,East,1,3499,3610.76
ORD02514,2025-08-12,CUST0191,Running Shoes,Sportswear,North,1,3499,3545.04
ORD00627,2025-08-12,CUST0186,Yoga Mat,Sportswear,Central,1,999,996.84
ORD00573,2025-08-12,CUST0045,Mechanical Keyboard,Electronics,East,1,2499,2382.71
ORD02315,2025-08-12,CUST0012,Standing Desk,Furniture,South,3,12999,40285.01
ORD02907,2025-08-13,CUST0159,Wireless Mouse,Electronics,West,4,799,3098.23
ORD02757,2025-08-13,CUST0184,Desk Lamp,Furniture,Central,1,899,903.98
ORD02701,2025-08-13,CUST0175,Wireless Mouse,Electronics,Central,3,799,2493.47
ORD01965,2025-08-14,CUST0159,Yoga Mat,Sportswear,West,2,999,1929.16
ORD02248,2025-08-14,CUST0048,Running Shoes,Sportswear,North,1,3499,3626.53
ORD00171,2025-08-15,CUST0134,Bluetooth Speaker,Electronics,East,1,1899,1808.25
ORD01766,2025-08-15,CUST0040,Desk Lamp,Furniture,South,2,899,1712.41
ORD02724,2025-08-15,CUST0151,Running Shoes,Sportswear,East,1,3499,3419.94
ORD00315,2025-08-15,CUST0077,Whiteboard,Stationery,South,4,1499,6168.95
ORD02654,2025-08-15,CUST0100,Bluetooth Speaker,Electronics,South,1,1899,1902.69
ORD01428,2025-08-15,CUST0001,Sticky Notes Pack,Stationery,North,2,99,192.91
ORD00888,2025-08-16,CUST0153,Wireless Mouse,Electronics,South,1,799,781.1
ORD00393,2025-08-16,CUST0059,Sunglasses,Accessories,West,4,1299,5043.81
ORD01855,2025-08-16,CUST0115,Whiteboard,Stationery,East,1,1499,1482.54
ORD02446,2025-08-16,CUST0046,Whiteboard,Stationery,Central,2,1499,2997.53
ORD01525,2025-08-16,CUST0114,Sticky Notes Pack,Stationery,West,3,99,307.06
ORD02807,2025-08-16,CUST0131,Sticky Notes Pack,Stationery,East,1,99,96.37
ORD01724,2025-08-17,CUST0145,Notebook Set,Stationery,West,3,199,592.41
ORD02182,2025-08-17,CUST0064,Wireless Mouse,Electronics,South,3,799,2327.13
ORD02886,2025-08-17,CUST0173,Bluetooth Speaker,Electronics,Central,1,1899,1936.21
ORD00857,2025-08-17,CUST0072,USB-C Hub,Electronics,Central,2,1299,2514.31
ORD00705,2025-08-17,CUST0062,Whiteboard,Stationery,North,1,1499,1496.58
ORD00897,2025-08-17,CUST0137,Mechanical Keyboard,Electronics,East,1,2499,2495.84
ORD00390,2025-08-18,CUST0027,Wireless Mouse,Electronics,Central,3,799,2511.1
ORD01528,2025-08-18,CUST0169,Running Shoes,Sportswear,North,4,3499,14243.84
ORD02623,2025-08-18,CUST0016,Whiteboard,Stationery,East,3,1499,4405.34
ORD00490,2025-08-18,CUST0176,Mechanical Keyboard,Electronics,East,2,2499,4781.71
ORD02784,2025-08-19,CUST0042,Bluetooth Speaker,Electronics,Central,5,1899,9726.09
ORD01669,2025-08-19,CUST0193,Backpack,Accessories,North,4,1999,8254.08
ORD00371,2025-08-19,CUST0147,Office Chair,Furniture,Central,2,6499,12391.86
ORD01493,2025-08-19,CUST0151,Sunglasses,Accessories,North,1,1299,1315.8
ORD01823,2025-08-19,CUST0067,Standing Desk,Furniture,South,1,12999,12944.19
ORD01086,2025-08-20,CUST0004,Sunglasses,Accessories,North,2,1299,2589.99
ORD02748,2025-08-20,CUST0179,Standing Desk,Furniture,West,1,12999,13353.44
ORD02030,2025-08-20,CUST0065,USB-C Hub,Electronics,East,1,1299,1345.26
ORD00928,2025-08-20,CUST0145,Whiteboard,Stationery,South,3,1499,4481.59
ORD00259,2025-08-20,CUST0005,Sticky Notes Pack,Stationery,South,5,99,490.65
ORD00476,2025-08-20,CUST0185,Mechanical Keyboard,Electronics,West,2,2499,5186.6
ORD01790,2025-08-20,CUST0110,Sunglasses,Accessories,West,5,1299,6374.55
ORD02241,2025-08-21,CUST0134,Wireless Mouse,Electronics,East,1,799,826.44
ORD00863,2025-08-21,CUST0013,Sticky Notes Pack,Stationery,South,2,99,196.15
ORD00094,2025-08-21,CUST0083,Water Bottle,Sportswear,South,3,449,1358.66
ORD02929,2025-08-21,CUST0126,Standing Desk,Furniture,West,6,12999,75017.91
ORD01415,2025-08-21,CUST0060,Notebook Set,Stationery,Central,2,199,386.83
ORD01705,2025-08-21,CUST0102,Sunglasses,Accessories,East,4,1299,4958.85
ORD01646,2025-08-21,CUST0149,Office Chair,Furniture,North,1,6499,6759.39
ORD00529,2025-08-21,CUST0115,Wireless Mouse,Electronics,South,1,799,761.46
ORD00087,2025-08-21,CUST0045,Yoga Mat,Sportswear,East,1,999,999.34
ORD02953,2025-08-22,CUST0120,Backpack,Accessories,East,2,1999,3932.39
ORD00350,2025-08-22,CUST0143,USB-C Hub,Electronics,Central,1,1299,1332.28
ORD01139,2025-08-22,CUST0057,USB-C Hub,Electronics,West,2,1299,2690.44
ORD01769,2025-08-22,CUST0096,Desk Lamp,Furniture,Central,3,899,2804.87
ORD00468,2025-08-22,CUST0127,Yoga Mat,Sportswear,East,1,999,973.4
ORD00467,2025-08-23,CUST0115,Sticky Notes Pack,Stationery,West,1,99,100.33
ORD02914,2025-08-23,CUST0142,USB-C Hub,Electronics,East,2,1299,2476.64
ORD01198,2025-08-23,CUST0120,USB-C Hub,Electronics,North,1,1299,1362.78
ORD01143,2025-08-23,CUST0076,Running Shoes,Sportswear,East,4,3499,14492.49
ORD02662,2025-08-23,CUST0139,Office Chair,Furniture,West,3,6499,19442.28
ORD01009,2025-08-24,CUST0009,Sunglasses,Accessories,Central,1,1299,1338.12
ORD01959,2025-08-24,CUST0077,Mechanical Keyboard,Electronics,Central,2,2499,4850.0
ORD01340,2025-08-24,CUST0173,Mechanical Keyboard,Electronics,West,1,2499,2498.02
ORD02469,2025-08-24,CUST0131,Notebook Set,Stationery,South,1,199,190.31
ORD01354,2025-08-24,CUST0021,Mechanical Keyboard,Electronics,North,5,2499,12432.86
ORD01073,2025-08-25,CUST0052,USB-C Hub,Electronics,North,2,1299,2481.03
ORD02746,2025-08-25,CUST0194,Bluetooth Speaker,Electronics,North,1,1899,1880.66
ORD00543,2025-08-25,CUST0193,Standing Desk,Furniture,West,1,12999,13122.29
ORD02015,2025-08-25,CUST0009,Mechanical Keyboard,Electronics,West,1,2499,2417.91
ORD00563,2025-08-25,CUST0119,Notebook Set,Stationery,North,3,199,590.62
ORD01924,2025-08-25,CUST0038,Water Bottle,Sportswear,East,1,449,445.48
ORD01405,2025-08-25,CUST0141,Desk Lamp,Furniture,West,2,899,1751.59
ORD02892,2025-08-26,CUST0178,Backpack,Accessories,South,1,1999,1960.22
ORD01820,2025-08-26,CUST0007,USB-C Hub,Electronics,West,6,1299,7676.08
ORD02343,2025-08-27,CUST0034,Desk Lamp,Furniture,East,5,899,4409.44
ORD00152,2025-08-27,CUST0177,Whiteboard,Stationery,East,2,1499,3069.23
ORD02767,2025-08-27,CUST0130,Sunglasses,Accessories,East,7,1299,9140.97
ORD00576,2025-08-27,CUST0165,Sunglasses,Accessories,South,4,1299,5319.64
ORD02441,2025-08-28,CUST0173,Sticky Notes Pack,Stationery,East,1,99,101.92
ORD01574,2025-08-28,CUST0176,Standing Desk,Furniture,Central,1,12999,13504.33
ORD02223,2025-08-28,CUST0053,Wireless Mouse,Electronics,Central,1,799,785.14
ORD00912,2025-08-28,CUST0058,Yoga Mat,Sportswear,North,4,999,4013.63
ORD01061,2025-08-28,CUST0118,Office Chair,Furniture,Central,1,6499,6297.8
ORD01308,2025-08-29,CUST0016,Water Bottle,Sportswear,North,2,449,908.35
ORD01419,2025-08-29,CUST0040,USB-C Hub,Electronics,West,3,1299,3917.27
ORD01892,2025-08-29,CUST0177,Running Shoes,Sportswear,South,1,3499,3366.02
ORD00376,2025-08-29,CUST0172,Sticky Notes Pack,Stationery,North,5,99,487.1
ORD02219,2025-08-29,CUST0036,Water Bottle,Sportswear,South,2,449,879.39
ORD02656,2025-08-29,CUST0050,USB-C Hub,Electronics,Central,3,1299,3891.66
ORD01697,2025-08-29,CUST0107,Backpack,Accessories,East,2,1999,4132.52
ORD01585,2025-08-29,CUST0135,USB-C Hub,Electronics,South,1,1299,1251.24
ORD02578,2025-08-29,CUST0029,Water Bottle,Sportswear,West,1,449,429.23
ORD02108,2025-08-30,CUST0191,Running Shoes,Sportswear,South,1,3499,3472.56
ORD01804,2025-08-30,CUST0031,Desk Lamp,Furniture,West,2,899,1879.81
ORD00183,2025-08-30,CUST0158,Yoga Mat,Sportswear,North,1,999,1002.42
ORD00461,2025-08-30,CUST0027,Desk Lamp,Furniture,South,4,899,3748.67
ORD02909,2025-08-30,CUST0172,USB-C Hub,Electronics,West,4,1299,5062.73
ORD02438,2025-08-30,CUST0098,Desk Lamp,Furniture,West,4,899,3433.37
ORD01817,2025-08-30,CUST0159,Backpack,Accessories,North,2,1999,4163.22
ORD00298,2025-08-31,CUST0116,Sunglasses,Accessories,Central,3,1299,3997.71
ORD00098,2025-08-31,CUST0075,Sunglasses,Accessories,West,2,1299,2571.46
ORD02897,2025-08-31,CUST0099,Sunglasses,Accessories,Central,2,1299,2702.28
ORD02413,2025-08-31,CUST0018,Sticky Notes Pack,Stationery,East,1,99,103.69
ORD00837,2025-08-31,CUST0142,Whiteboard,Stationery,East,2,1499,2850.15
ORD02442,2025-08-31,CUST0162,Running Shoes,Sportswear,Central,2,3499,6818.01
ORD00156,2025-08-31,CUST0057,Water Bottle,Sportswear,South,1,449,428.66
ORD01579,2025-08-31,CUST0025,Yoga Mat,Sportswear,East,2,999,1962.28
ORD00828,2025-08-31,CUST0069,Standing Desk,Furniture,East,4,12999,54136.33
ORD02285,2025-09-01,CUST0136,Running Shoes,Sportswear,North,3,3499,11011.12
ORD01884,2025-09-01,CUST0015,Mechanical Keyboard,Electronics,South,2,2499,4917.3
ORD01444,2025-09-01,CUST0008,Sticky Notes Pack,Stationery,Central,1,99,98.29
ORD01773,2025-09-01,CUST0099,Standing Desk,Furniture,West,2,12999,25566.94
ORD02329,2025-09-02,CUST0156,Desk Lamp,Furniture,North,1,899,879.33
ORD02136,2025-09-02,CUST0118,Sticky Notes Pack,Stationery,Central,1,99,102.78
ORD01673,2025-09-03,CUST0086,Sunglasses,Accessories,East,2,1299,2493.79
ORD00586,2025-09-03,CUST0162,Water Bottle,Sportswear,South,2,449,919.03
ORD02340,2025-09-03,CUST0014,Backpack,Accessories,Central,1,1999,2065.47
ORD00966,2025-09-03,CUST0011,USB-C Hub,Electronics,West,2,1299,2677.97
ORD00656,2025-09-04,CUST0191,Office Chair,Furniture,North,6,6499,40474.81
ORD00674,2025-09-04,CUST0189,Notebook Set,Stationery,West,3,199,625.51
ORD01784,2025-09-04,CUST0158,Desk Lamp,Furniture,South,3,899,2728.52
ORD01663,2025-09-04,CUST0175,Sticky Notes Pack,Stationery,North,2,99,192.93
ORD01070,2025-09-04,CUST0118,Bluetooth Speaker,Electronics,South,1,1899,1991.93
ORD00406,2025-09-04,CUST0094,Notebook Set,Stationery,North,1,199,203.34
ORD00873,2025-09-05,CUST0159,Backpack,Accessories,North,4,1999,7716.07
ORD01097,2025-09-05,CUST0096,Office Chair,Furniture,Central,5,6499,31753.16
ORD01376,2025-09-05,CUST0151,Standing Desk,Furniture,East,2,12999,25033.57
ORD02978,2025-09-06,CUST0023,Sticky Notes Pack,Stationery,Central,2,99,200.34
ORD01452,2025-09-06,CUST0015,Sticky Notes Pack,Stationery,South,1,99,96.15
ORD00551,2025-09-06,CUST0063,Backpack,Accessories,East,2,1999,4002.92
ORD00818,2025-09-06,CUST0029,Water Bottle,Sportswear,West,1,449,460.52
ORD02300,2025-09-06,CUST0071,Sunglasses,Accessories,Central,2,1299,2528.6
ORD01684,2025-09-07,CUST0157,Whiteboard,Stationery,West,2,1499,3127.25
ORD02840,2025-09-07,CUST0056,Yoga Mat,Sportswear,South,2,999,2058.8
ORD00740,2025-09-07,CUST0156,Sunglasses,Accessories,South,1,1299,1236.13
ORD00290,2025-09-07,CUST0007,Running Shoes,Sportswear,South,1,3499,3467.89
ORD02411,2025-09-07,CUST0012,Water Bottle,Sportswear,East,2,449,902.06
ORD01878,2025-09-08,CUST0134,Sunglasses,Accessories,East,1,1299,1279.05
ORD00202,2025-09-08,CUST0037,Water Bottle,Sportswear,West,1,449,470.85
ORD01672,2025-09-08,CUST0113,Bluetooth Speaker,Electronics,North,2,1899,3915.04
ORD02845,2025-09-08,CUST0072,Whiteboard,Stationery,East,2,1499,3125.75
ORD01982,2025-09-08,CUST0082,Notebook Set,Stationery,South,3,199,575.1
ORD02012,2025-09-09,CUST0012,Bluetooth Speaker,Electronics,North,4,1899,7244.03
ORD01203,2025-09-09,CUST0012,Yoga Mat,Sportswear,Central,2,999,1960.71
ORD02642,2025-09-10,CUST0072,Bluetooth Speaker,Electronics,North,4,1899,7547.24
ORD01199,2025-09-10,CUST0190,Water Bottle,Sportswear,South,3,449,1324.78
ORD01385,2025-09-10,CUST0036,Yoga Mat,Sportswear,North,4,999,4060.65
ORD02793,2025-09-10,CUST0008,Running Shoes,Sportswear,East,2,3499,7148.37
ORD02805,2025-09-10,CUST0131,Standing Desk,Furniture,North,2,12999,24808.41
ORD00055,2025-09-10,CUST0162,USB-C Hub,Electronics,East,3,1299,3967.77
ORD00284,2025-09-11,CUST0170,Standing Desk,Furniture,East,2,12999,27143.68
ORD00419,2025-09-11,CUST0054,Office Chair,Furniture,Central,1,6499,6444.78
ORD02992,2025-09-11,CUST0178,Yoga Mat,Sportswear,Central,2,999,1964.72
ORD01398,2025-09-11,CUST0119,Mechanical Keyboard,Electronics,South,1,2499,2472.51
ORD00030,2025-09-11,CUST0194,USB-C Hub,Electronics,East,3,1299,3821.15
ORD01018,2025-09-12,CUST0045,Yoga Mat,Sportswear,West,1,999,1033.22
ORD00752,2025-09-12,CUST0116,Water Bottle,Sportswear,Central,1,449,468.05
ORD01543,2025-09-12,CUST0110,Sunglasses,Accessories,West,2,1299,2567.34
ORD01215,2025-09-12,CUST0140,Office Chair,Furniture,South,2,6499,12594.23
ORD01254,2025-09-12,CUST0195,Whiteboard,Stationery,South,2,1499,2907.66
ORD02389,2025-09-12,CUST0082,Standing Desk,Furniture,East,2,12999,25630.51
ORD02495,2025-09-12,CUST0134,Sunglasses,Accessories,West,1,1299,1302.56
ORD02260,2025-09-12,CUST0081,Water Bottle,Sportswear,North,1,449,465.0
ORD02852,2025-09-13,CUST0136,Whiteboard,Stationery,East,2,1499,3073.27
ORD00132,2025-09-13,CUST0108,Backpack,Accessories,North,2,1999,4187.72
ORD02944,2025-09-13,CUST0020,Desk Lamp,Furniture,East,1,899,906.43
ORD02320,2025-09-13,CUST0058,Whiteboard,Stationery,Central,2,1499,3035.71
ORD01562,2025-09-13,CUST0014,Yoga Mat,Sportswear,Central,1,999,1044.46
ORD02127,2025-09-13,CUST0155,Standing Desk,Furniture,South,1,12999,12562.61
ORD01206,2025-09-13,CUST0190,Backpack,Accessories,West,1,1999,2080.81
ORD00414,2025-09-13,CUST0109,Running Shoes,Sportswear,West,2,3499,7235.69
ORD00621,2025-09-14,CUST0086,Sunglasses,Accessories,East,3,1299,3717.85
ORD01217,2025-09-14,CUST0089,Yoga Mat,Sportswear,East,9,999,8884.38
ORD02888,2025-09-14,CUST0130,Sunglasses,Accessories,Central,3,1299,3959.52
ORD01085,2025-09-14,CUST0160,Office Chair,Furniture,South,3,6499,18898.41
ORD00814,2025-09-14,CUST0055,Office Chair,Furniture,East,1,6499,6806.27
ORD01718,2025-09-14,CUST0048,Notebook Set,Stationery,North,1,199,189.9
ORD02913,2025-09-15,CUST0055,Bluetooth Speaker,Electronics,North,2,1899,3803.73
ORD02506,2025-09-15,CUST0167,Whiteboard,Stationery,North,4,1499,5755.09
ORD00445,2025-09-15,CUST0053,Water Bottle,Sportswear,East,1,449,446.71
ORD01550,2025-09-15,CUST0126,Sticky Notes Pack,Stationery,North,1,99,96.11
ORD01244,2025-09-16,CUST0060,Yoga Mat,Sportswear,Central,5,999,4803.37
ORD00797,2025-09-16,CUST0162,Notebook Set,Stationery,East,3,199,604.86
ORD02719,2025-09-16,CUST0004,Water Bottle,Sportswear,Central,1,449,454.4
ORD00624,2025-09-16,CUST0187,Desk Lamp,Furniture,South,2,899,1787.68
ORD02330,2025-09-16,CUST0068,Mechanical Keyboard,Electronics,South,1,2499,2426.95
ORD00020,2025-09-16,CUST0051,Desk Lamp,Furniture,South,1,899,897.64
ORD01628,2025-09-16,CUST0090,Sticky Notes Pack,Stationery,South,2,99,194.24
ORD01727,2025-09-17,CUST0029,Standing Desk,Furniture,West,1,12999,13292.74
ORD01738,2025-09-17,CUST0161,Water Bottle,Sportswear,North,1,449,464.7
ORD00842,2025-09-17,CUST0075,Mechanical Keyboard,Electronics,East,1,2499,2598.5
ORD00286,2025-09-17,CUST0182,Backpack,Accessories,West,3,1999,6156.23
ORD02983,2025-09-17,CUST0200,Mechanical Keyboard,Electronics,Central,3,2499,7715.05
ORD01638,2025-09-18,CUST0184,Backpack,Accessories,North,2,1999,3973.01
ORD02562,2025-09-18,CUST0150,Desk Lamp,Furniture,West,1,899,886.68
ORD02924,2025-09-18,CUST0029,USB-C Hub,Electronics,Central,1,1299,1287.92
ORD01998,2025-09-18,CUST0139,Sunglasses,Accessories,East,2,1299,2692.87
ORD00271,2025-09-18,CUST0106,USB-C Hub,Electronics,South,1,1299,1286.2
ORD02751,2025-09-18,CUST0022,Backpack,Accessories,South,1,1999,1952.6
ORD00793,2025-09-19,CUST0002,Wireless Mouse,Electronics,North,1,799,809.84
ORD02641,2025-09-19,CUST0025,Sunglasses,Accessories,South,5,1299,6288.23
ORD00329,2025-09-19,CUST0109,Sticky Notes Pack,Stationery,North,2,99,197.02
ORD01869,2025-09-19,CUST0179,Water Bottle,Sportswear,North,2,449,890.25
ORD00567,2025-09-19,CUST0077,Whiteboard,Stationery,West,2,1499,3024.49
ORD02815,2025-09-20,CUST0200,Wireless Mouse,Electronics,North,2,799,1597.14
ORD02158,2025-09-20,CUST0116,Office Chair,Furniture,East,1,6499,6397.08
ORD00027,2025-09-20,CUST0129,Yoga Mat,Sportswear,West,2,999,1950.21
ORD00232,2025-09-21,CUST0055,Standing Desk,Furniture,South,2,12999,26491.97
ORD01935,2025-09-21,CUST0083,Backpack,Accessories,East,3,1999,6272.08
ORD02865,2025-09-21,CUST0034,Wireless Mouse,Electronics,East,1,799,772.67
ORD01105,2025-09-21,CUST0086,Wireless Mouse,Electronics,South,2,799,1599.26
ORD00126,2025-09-21,CUST0010,Water Bottle,Sportswear,South,1,449,460.37
ORD02836,2025-09-21,CUST0123,Mechanical Keyboard,Electronics,East,1,2499,2447.12
ORD00778,2025-09-22,CUST0163,Sunglasses,Accessories,East,1,1299,1277.68
ORD02820,2025-09-22,CUST0161,Mechanical Keyboard,Electronics,North,1,2499,2477.75
ORD01326,2025-09-22,CUST0008,USB-C Hub,Electronics,South,2,1299,2725.74
ORD02191,2025-09-22,CUST0103,Office Chair,Furniture,North,1,6499,6771.21
ORD00709,2025-09-22,CUST0019,Water Bottle,Sportswear,South,1,449,436.74
ORD02380,2025-09-22,CUST0041,Mechanical Keyboard,Electronics,West,2,2499,4748.19
ORD01298,2025-09-22,CUST0019,Notebook Set,Stationery,West,1,199,193.31
ORD00680,2025-09-22,CUST0110,Running Shoes,Sportswear,North,3,3499,10098.5
ORD01214,2025-09-22,CUST0013,Desk Lamp,Furniture,West,4,899,3422.66
ORD01389,2025-09-23,CUST0016,Whiteboard,Stationery,Central,3,1499,4355.94
ORD00731,2025-09-23,CUST0187,Notebook Set,Stationery,South,3,199,596.01
ORD01936,2025-09-23,CUST0131,Yoga Mat,Sportswear,East,4,999,3963.48
ORD02895,2025-09-24,CUST0143,Bluetooth Speaker,Electronics,South,4,1899,7352.48
ORD00398,2025-09-24,CUST0049,Water Bottle,Sportswear,West,3,449,1314.66
ORD01644,2025-09-24,CUST0133,Standing Desk,Furniture,North,1,12999,12649.28
ORD01144,2025-09-24,CUST0132,Water Bottle,Sportswear,Central,2,449,864.37
ORD00943,2025-09-24,CUST0040,Standing Desk,Furniture,East,4,12999,52204.4
ORD02398,2025-09-24,CUST0169,Water Bottle,Sportswear,North,3,449,1377.79
ORD00054,2025-09-25,CUST0012,USB-C Hub,Electronics,South,2,1299,2539.28
ORD01987,2025-09-25,CUST0177,Yoga Mat,Sportswear,East,4,999,3841.85
ORD02060,2025-09-25,CUST0131,Water Bottle,Sportswear,West,5,449,2200.88
ORD02589,2025-09-25,CUST0134,Bluetooth Speaker,Electronics,West,1,1899,1863.18
ORD01107,2025-09-25,CUST0086,Running Shoes,Sportswear,South,1,3499,3611.19
ORD00658,2025-09-25,CUST0023,Office Chair,Furniture,Central,3,6499,19322.86
ORD02092,2025-09-26,CUST0152,Water Bottle,Sportswear,South,5,449,2322.63
ORD01043,2025-09-26,CUST0180,Sticky Notes Pack,Stationery,South,1,99,101.72
ORD00549,2025-09-26,CUST0197,Wireless Mouse,Electronics,South,1,799,760.39
ORD02698,2025-09-26,CUST0200,Bluetooth Speaker,Electronics,East,4,1899,7314.91
ORD01937,2025-09-26,CUST0133,Backpack,Accessories,West,2,1999,4046.43
ORD02848,2025-09-26,CUST0111,Yoga Mat,Sportswear,South,1,999,1023.49
ORD02954,2025-09-27,CUST0064,Water Bottle,Sportswear,West,2,449,872.78
ORD01006,2025-09-27,CUST0163,Standing Desk,Furniture,South,1,12999,13443.54
ORD00430,2025-09-27,CUST0083,Mechanical Keyboard,Electronics,North,1,2499,2550.2
ORD01897,2025-09-28,CUST0163,Standing Desk,Furniture,South,2,12999,25505.78
ORD00417,2025-09-28,CUST0024,USB-C Hub,Electronics,South,4,1299,5296.6
ORD01634,2025-09-28,CUST0147,Wireless Mouse,Electronics,North,7,799,5330.57
ORD01052,2025-09-28,CUST0102,Notebook Set,Stationery,North,2,199,412.92
ORD01148,2025-09-28,CUST0077,Yoga Mat,Sportswear,North,2,999,1980.12
ORD01473,2025-09-29,CUST0132,Standing Desk,Furniture,East,5,12999,62309.07
ORD01779,2025-09-29,CUST0120,Standing Desk,Furniture,North,3,12999,40476.61
ORD02551,2025-09-29,CUST0108,Office Chair,Furniture,South,5,6499,32424.93
ORD01429,2025-09-29,CUST0041,Whiteboard,Stationery,South,2,1499,3139.16
ORD02034,2025-09-29,CUST0103,Whiteboard,Stationery,South,1,1499,1571.0
ORD02853,2025-09-29,CUST0162,Bluetooth Speaker,Electronics,East,1,1899,1944.38
ORD01575,2025-09-29,CUST0153,Bluetooth Speaker,Electronics,South,3,1899,5934.55
ORD01666,2025-09-30,CUST0159,Sticky Notes Pack,Stationery,South,2,99,197.63
ORD01434,2025-09-30,CUST0045,Whiteboard,Stationery,North,1,1499,1426.29
ORD00891,2025-09-30,CUST0109,Backpack,Accessories,East,1,1999,1938.23
ORD00521,2025-09-30,CUST0008,Notebook Set,Stationery,East,2,199,389.7
ORD00690,2025-09-30,CUST0022,Standing Desk,Furniture,East,1,12999,13367.08
ORD00711,2025-09-30,CUST0099,Yoga Mat,Sportswear,West,3,999,3101.44
ORD02027,2025-09-30,CUST0014,Standing Desk,Furniture,South,1,12999,12372.19
ORD00664,2025-09-30,CUST0126,Sunglasses,Accessories,North,5,1299,6724.49
ORD02477,2025-10-01,CUST0045,Sticky Notes Pack,Stationery,North,1,99,100.18
ORD02649,2025-10-01,CUST0001,Yoga Mat,Sportswear,East,1,999,952.84
ORD02128,2025-10-01,CUST0117,Water Bottle,Sportswear,West,1,449,455.3
ORD01013,2025-10-02,CUST0058,Notebook Set,Stationery,North,4,199,795.84
ORD01902,2025-10-02,CUST0107,Desk Lamp,Furniture,West,4,899,3727.93
ORD01000,2025-10-02,CUST0158,Water Bottle,Sportswear,North,1,449,449.37
ORD01381,2025-10-03,CUST0054,Mechanical Keyboard,Electronics,North,2,2499,5078.79
ORD00491,2025-10-03,CUST0013,Yoga Mat,Sportswear,North,7,999,6671.57
ORD00495,2025-10-03,CUST0191,USB-C Hub,Electronics,East,2,1299,2628.79
ORD02356,2025-10-03,CUST0152,Whiteboard,Stationery,Central,4,1499,6253.98
ORD01476,2025-10-03,CUST0039,USB-C Hub,Electronics,West,1,1299,1318.52
ORD02150,2025-10-04,CUST0117,Sticky Notes Pack,Stationery,East,1,99,98.34
ORD01246,2025-10-04,CUST0076,Mechanical Keyboard,Electronics,Central,1,2499,2414.73
ORD01361,2025-10-04,CUST0161,Sunglasses,Accessories,West,2,1299,2608.69
ORD00343,2025-10-04,CUST0122,Standing Desk,Furniture,West,2,12999,26108.58
ORD01620,2025-10-04,CUST0199,Bluetooth Speaker,Electronics,Central,5,1899,9540.4
ORD01241,2025-10-05,CUST0045,Wireless Mouse,Electronics,Central,1,799,790.37
ORD02734,2025-10-05,CUST0167,USB-C Hub,Electronics,Central,5,1299,6718.19
ORD02054,2025-10-05,CUST0122,Office Chair,Furniture,South,4,6499,26882.27
ORD02153,2025-10-05,CUST0101,Office Chair,Furniture,North,5,6499,31599.99
ORD01263,2025-10-05,CUST0035,Water Bottle,Sportswear,East,1,449,444.93
ORD01440,2025-10-05,CUST0144,Office Chair,Furniture,North,1,6499,6274.96
ORD00234,2025-10-06,CUST0108,Yoga Mat,Sportswear,North,1,999,1022.69
ORD02156,2025-10-06,CUST0023,Backpack,Accessories,South,2,1999,3872.74
ORD01383,2025-10-06,CUST0154,Backpack,Accessories,South,1,1999,2093.07
ORD02298,2025-10-07,CUST0007,Wireless Mouse,Electronics,East,1,799,769.93
ORD00905,2025-10-07,CUST0044,Standing Desk,Furniture,West,4,12999,50662.0
ORD02743,2025-10-08,CUST0135,Office Chair,Furniture,South,2,6499,12864.79
ORD02082,2025-10-08,CUST0153,Yoga Mat,Sportswear,Central,1,999,1034.53
ORD02582,2025-10-08,CUST0138,Sunglasses,Accessories,South,2,1299,2547.88
ORD00318,2025-10-08,CUST0170,Notebook Set,Stationery,East,5,199,1035.87
ORD00203,2025-10-09,CUST0161,Water Bottle,Sportswear,North,2,449,861.05
ORD02220,2025-10-09,CUST0120,Bluetooth Speaker,Electronics,Central,5,1899,9065.55
ORD00717,2025-10-09,CUST0087,Office Chair,Furniture,Central,1,6499,6199.57
ORD00537,2025-10-09,CUST0129,Sunglasses,Accessories,North,5,1299,6619.09
ORD02463,2025-10-09,CUST0022,Desk Lamp,Furniture,North,2,899,1709.48
ORD00822,2025-10-10,CUST0117,Sticky Notes Pack,Stationery,East,1,99,100.74
ORD00536,2025-10-10,CUST0181,Wireless Mouse,Electronics,West,1,799,776.02
ORD00618,2025-10-10,CUST0099,Backpack,Accessories,East,1,1999,2074.72
ORD02818,2025-10-10,CUST0141,Mechanical Keyboard,Electronics,North,1,2499,2602.93
ORD01656,2025-10-10,CUST0104,Notebook Set,Stationery,South,4,199,807.14
ORD02291,2025-10-11,CUST0020,Backpack,Accessories,South,2,1999,4059.26
ORD00747,2025-10-11,CUST0077,Notebook Set,Stationery,South,1,199,208.49
ORD01154,2025-10-11,CUST0097,Desk Lamp,Furniture,East,2,899,1867.21
ORD00319,2025-10-11,CUST0142,Bluetooth Speaker,Electronics,Central,5,1899,9623.27
ORD02445,2025-10-11,CUST0184,Mechanical Keyboard,Electronics,West,1,2499,2400.02
ORD00447,2025-10-11,CUST0049,Wireless Mouse,Electronics,North,1,799,805.63
ORD02601,2025-10-12,CUST0160,Mechanical Keyboard,Electronics,West,4,2499,9546.74
ORD02690,2025-10-12,CUST0044,Wireless Mouse,Electronics,North,4,799,3348.26
ORD00909,2025-10-13,CUST0127,Notebook Set,Stationery,West,2,199,409.88
ORD00235,2025-10-13,CUST0200,Office Chair,Furniture,North,1,6499,6341.11
ORD02668,2025-10-13,CUST0091,Sticky Notes Pack,Stationery,East,1,99,103.53
ORD01716,2025-10-14,CUST0162,Running Shoes,Sportswear,West,1,3499,3360.4
ORD00987,2025-10-14,CUST0028,Mechanical Keyboard,Electronics,West,7,2499,16815.74
ORD02500,2025-10-14,CUST0078,Bluetooth Speaker,Electronics,North,5,1899,9604.27
ORD02859,2025-10-14,CUST0027,Yoga Mat,Sportswear,West,1,999,1040.08
ORD00534,2025-10-14,CUST0118,Notebook Set,Stationery,South,4,199,756.6
ORD02359,2025-10-15,CUST0043,Running Shoes,Sportswear,East,5,3499,17642.84
ORD00532,2025-10-15,CUST0028,Wireless Mouse,Electronics,North,5,799,3826.79
ORD01477,2025-10-15,CUST0081,Yoga Mat,Sportswear,South,5,999,4896.39
ORD00933,2025-10-16,CUST0155,Backpack,Accessories,West,1,1999,2011.28
ORD02833,2025-10-16,CUST0071,Whiteboard,Stationery,South,1,1499,1461.71
ORD01862,2025-10-16,CUST0199,Sticky Notes Pack,Stationery,West,2,99,189.98
ORD00051,2025-10-16,CUST0034,Backpack,Accessories,West,2,1999,4052.01
ORD00313,2025-10-16,CUST0156,Bluetooth Speaker,Electronics,North,1,1899,1863.85
ORD00802,2025-10-16,CUST0064,Standing Desk,Furniture,South,4,12999,53900.01
ORD00163,2025-10-16,CUST0048,Standing Desk,Furniture,North,2,12999,25107.15
ORD02009,2025-10-17,CUST0050,USB-C Hub,Electronics,North,1,1299,1280.18
ORD02663,2025-10-17,CUST0070,Sunglasses,Accessories,Central,1,1299,1256.44
ORD00369,2025-10-17,CUST0124,Water Bottle,Sportswear,West,4,449,1796.11
ORD01944,2025-10-18,CUST0079,Standing Desk,Furniture,Central,2,12999,27196.29
ORD00596,2025-10-18,CUST0022,Office Chair,Furniture,South,1,6499,6530.76
ORD00106,2025-10-18,CUST0062,Office Chair,Furniture,West,1,6499,6585.93
ORD00139,2025-10-19,CUST0164,USB-C Hub,Electronics,North,1,1299,1271.55
ORD02593,2025-10-19,CUST0067,Standing Desk,Furniture,West,1,12999,12576.63
ORD00703,2025-10-19,CUST0074,Mechanical Keyboard,Electronics,North,4,2499,10185.97
ORD02372,2025-10-19,CUST0037,Sticky Notes Pack,Stationery,West,4,99,402.51
ORD02733,2025-10-19,CUST0192,Sunglasses,Accessories,Central,4,1299,5407.43
ORD01277,2025-10-19,CUST0188,Wireless Mouse,Electronics,East,8,799,6209.02
ORD01125,2025-10-19,CUST0161,Running Shoes,Sportswear,Central,5,3499,17105.31
ORD02644,2025-10-20,CUST0190,Office Chair,Furniture,East,4,6499,25525.82
ORD02334,2025-10-20,CUST0150,Desk Lamp,Furniture,Central,4,899,3768.61
ORD01497,2025-10-20,CUST0027,Notebook Set,Stationery,West,7,199,1439.17
ORD01121,2025-10-20,CUST0200,Sunglasses,Accessories,East,1,1299,1275.91
ORD02138,2025-10-20,CUST0137,Backpack,Accessories,North,2,1999,4191.6
ORD01985,2025-10-21,CUST0191,Wireless Mouse,Electronics,North,1,799,798.33
ORD00630,2025-10-21,CUST0179,Water Bottle,Sportswear,Central,4,449,1791.41
ORD01919,2025-10-21,CUST0134,Sticky Notes Pack,Stationery,West,1,99,98.71
ORD01815,2025-10-21,CUST0024,Wireless Mouse,Electronics,South,2,799,1655.33
ORD00472,2025-10-22,CUST0007,Notebook Set,Stationery,South,2,199,413.75
ORD00194,2025-10-22,CUST0018,Sticky Notes Pack,Stationery,Central,2,99,195.7
ORD01741,2025-10-22,CUST0149,USB-C Hub,Electronics,East,4,1299,4941.93
ORD00945,2025-10-22,CUST0055,Wireless Mouse,Electronics,North,1,799,815.46
ORD02409,2025-10-22,CUST0148,Mechanical Keyboard,Electronics,East,4,2499,10401.38
ORD01390,2025-10-23,CUST0006,Bluetooth Speaker,Electronics,West,1,1899,1870.23
ORD01432,2025-10-23,CUST0058,Backpack,Accessories,West,4,1999,7910.27
ORD02979,2025-10-23,CUST0064,Notebook Set,Stationery,West,2,199,405.03
ORD00502,2025-10-23,CUST0116,Sticky Notes Pack,Stationery,East,1,99,100.06
ORD02419,2025-10-24,CUST0086,Desk Lamp,Furniture,South,1,899,899.45
ORD00867,2025-10-24,CUST0024,Mechanical Keyboard,Electronics,East,1,2499,2475.73
ORD01499,2025-10-24,CUST0060,Mechanical Keyboard,Electronics,North,2,2499,4949.46
ORD02940,2025-10-25,CUST0199,Notebook Set,Stationery,North,1,199,203.7
ORD02517,2025-10-25,CUST0126,Whiteboard,Stationery,West,2,1499,3086.0
ORD02491,2025-10-25,CUST0077,Water Bottle,Sportswear,North,5,449,2250.7
ORD00670,2025-10-25,CUST0176,Office Chair,Furniture,Central,4,6499,25936.73
ORD02440,2025-10-25,CUST0089,Sunglasses,Accessories,East,4,1299,4984.51
ORD01204,2025-10-25,CUST0193,Water Bottle,Sportswear,South,2,449,933.72
ORD00604,2025-10-26,CUST0039,Water Bottle,Sportswear,East,1,449,429.11
ORD01814,2025-10-26,CUST0192,Mechanical Keyboard,Electronics,East,5,2499,12058.24
ORD02292,2025-10-26,CUST0071,Sticky Notes Pack,Stationery,West,4,99,410.14
ORD02064,2025-10-26,CUST0168,Sunglasses,Accessories,South,2,1299,2643.14
ORD02990,2025-10-26,CUST0094,USB-C Hub,Electronics,East,2,1299,2667.0
ORD02403,2025-10-26,CUST0003,Sticky Notes Pack,Stationery,Central,4,99,382.13
ORD00577,2025-10-27,CUST0095,Mechanical Keyboard,Electronics,West,1,2499,2485.14
ORD00803,2025-10-27,CUST0098,Mechanical Keyboard,Electronics,West,1,2499,2520.25
ORD02821,2025-10-27,CUST0049,Water Bottle,Sportswear,East,2,449,866.08
ORD02313,2025-10-27,CUST0040,Backpack,Accessories,North,1,1999,2096.02
ORD00485,2025-10-27,CUST0140,Running Shoes,Sportswear,East,1,3499,3567.64
ORD01632,2025-10-28,CUST0096,Bluetooth Speaker,Electronics,South,2,1899,3925.16
ORD00199,2025-10-28,CUST0014,Desk Lamp,Furniture,South,1,899,860.66
ORD02526,2025-10-29,CUST0069,Whiteboard,Stationery,North,2,1499,3054.18
ORD00285,2025-10-29,CUST0005,Sticky Notes Pack,Stationery,West,4,99,394.34
ORD00228,2025-10-29,CUST0164,USB-C Hub,Electronics,East,5,1299,6589.37
ORD01138,2025-10-29,CUST0033,Standing Desk,Furniture,West,2,12999,25383.42
ORD01136,2025-10-30,CUST0163,Desk Lamp,Furniture,South,2,899,1766.43
ORD02948,2025-10-30,CUST0072,Yoga Mat,Sportswear,Central,5,999,4866.46
ORD02844,2025-10-30,CUST0125,Running Shoes,Sportswear,East,4,3499,13777.72
ORD01453,2025-10-31,CUST0111,Water Bottle,Sportswear,North,5,449,2232.66
ORD00216,2025-10-31,CUST0087,Office Chair,Furniture,South,1,6499,6430.35
ORD01747,2025-10-31,CUST0053,Water Bottle,Sportswear,South,1,449,431.83
ORD02209,2025-10-31,CUST0026,Running Shoes,Sportswear,Central,2,3499,6689.83
ORD00324,2025-10-31,CUST0189,Bluetooth Speaker,Electronics,North,1,1899,1944.11
ORD01212,2025-10-31,CUST0093,Whiteboard,Stationery,North,2,1499,2868.98
ORD00360,2025-10-31,CUST0161,Yoga Mat,Sportswear,East,4,999,3910.4
ORD02747,2025-10-31,CUST0017,Notebook Set,Stationery,East,1,199,204.83
ORD00913,2025-10-31,CUST0116,USB-C Hub,Electronics,West,1,1299,1337.63
ORD02249,2025-11-01,CUST0072,USB-C Hub,Electronics,North,1,1299,1346.74
ORD00663,2025-11-01,CUST0083,Whiteboard,Stationery,South,4,1499,6055.94
ORD02304,2025-11-01,CUST0031,Office Chair,Furniture,West,4,6499,26514.97
ORD02473,2025-11-02,CUST0183,Notebook Set,Stationery,East,2,199,397.23
ORD02671,2025-11-02,CUST0076,Notebook Set,Stationery,East,2,199,403.98
ORD00633,2025-11-02,CUST0134,Yoga Mat,Sportswear,Central,5,999,4774.77
ORD00615,2025-11-02,CUST0004,Standing Desk,Furniture,North,2,12999,26454.58
ORD00729,2025-11-02,CUST0044,Backpack,Accessories,West,5,1999,9531.94
ORD00678,2025-11-02,CUST0130,Sticky Notes Pack,Stationery,West,1,99,96.79
ORD00080,2025-11-02,CUST0145,Yoga Mat,Sportswear,Central,2,999,2056.31
ORD02519,2025-11-02,CUST0084,Mechanical Keyboard,Electronics,South,1,2499,2513.54
ORD02824,2025-11-02,CUST0110,Wireless Mouse,Electronics,West,4,799,3231.25
ORD00581,2025-11-02,CUST0092,Yoga Mat,Sportswear,North,1,999,1037.95
ORD02786,2025-11-02,CUST0128,Sunglasses,Accessories,Central,5,1299,6326.33
ORD01682,2025-11-03,CUST0021,Wireless Mouse,Electronics,North,1,799,795.69
ORD02994,2025-11-03,CUST0093,Notebook Set,Stationery,Central,5,199,1001.16
ORD02430,2025-11-03,CUST0143,Backpack,Accessories,West,4,1999,8229.38
ORD01507,2025-11-03,CUST0140,Yoga Mat,Sportswear,South,1,999,1013.52
ORD02095,2025-11-04,CUST0079,Mechanical Keyboard,Electronics,South,1,2499,2464.98
ORD00519,2025-11-04,CUST0084,Whiteboard,Stationery,West,1,1499,1461.92
ORD00525,2025-11-04,CUST0098,Whiteboard,Stationery,North,1,1499,1427.79
ORD01606,2025-11-04,CUST0061,Bluetooth Speaker,Electronics,South,4,1899,7883.66
ORD00206,2025-11-04,CUST0008,Mechanical Keyboard,Electronics,Central,2,2499,4795.03
ORD01281,2025-11-04,CUST0175,Bluetooth Speaker,Electronics,East,1,1899,1827.52
ORD02516,2025-11-04,CUST0015,Sunglasses,Accessories,Central,2,1299,2562.06
ORD00428,2025-11-04,CUST0015,Office Chair,Furniture,West,7,6499,44949.44
ORD01957,2025-11-05,CUST0123,Standing Desk,Furniture,Central,1,12999,13293.15
ORD02025,2025-11-05,CUST0188,Bluetooth Speaker,Electronics,East,2,1899,3969.3
ORD00190,2025-11-05,CUST0198,Desk Lamp,Furniture,South,1,899,868.58
ORD00177,2025-11-05,CUST0060,Notebook Set,Stationery,South,5,199,948.49
ORD01661,2025-11-05,CUST0179,Water Bottle,Sportswear,East,2,449,877.69
ORD01378,2025-11-05,CUST0113,Desk Lamp,Furniture,North,1,899,914.37
ORD00736,2025-11-05,CUST0089,Sticky Notes Pack,Stationery,West,5,99,484.34
ORD02532,2025-11-05,CUST0086,Standing Desk,Furniture,North,2,12999,26573.22
ORD00919,2025-11-06,CUST0022,Bluetooth Speaker,Electronics,East,4,1899,7498.56
ORD01648,2025-11-07,CUST0013,Yoga Mat,Sportswear,South,2,999,1950.95
ORD01940,2025-11-07,CUST0113,Desk Lamp,Furniture,Central,4,899,3660.01
ORD00784,2025-11-07,CUST0095,Bluetooth Speaker,Electronics,West,1,1899,1945.96
ORD00758,2025-11-07,CUST0181,Office Chair,Furniture,West,2,6499,13422.34
ORD00463,2025-11-07,CUST0039,Backpack,Accessories,North,4,1999,8000.51
ORD02193,2025-11-07,CUST0035,Running Shoes,Sportswear,Central,1,3499,3390.05
ORD00882,2025-11-07,CUST0014,USB-C Hub,Electronics,North,1,1299,1332.63
ORD01547,2025-11-08,CUST0172,Backpack,Accessories,North,4,1999,7743.11
ORD01380,2025-11-08,CUST0156,Desk Lamp,Furniture,South,4,899,3775.3
ORD00906,2025-11-09,CUST0151,Running Shoes,Sportswear,Central,1,3499,3570.13
ORD00372,2025-11-09,CUST0023,Whiteboard,Stationery,South,1,1499,1557.26
ORD02548,2025-11-09,CUST0060,Notebook Set,Stationery,West,1,199,191.82
ORD00312,2025-11-10,CUST0015,Running Shoes,Sportswear,East,4,3499,13955.81
ORD00805,2025-11-10,CUST0170,Water Bottle,Sportswear,Central,1,449,438.11
ORD00824,2025-11-10,CUST0002,Standing Desk,Furniture,West,1,12999,13207.49
ORD00968,2025-11-10,CUST0015,Notebook Set,Stationery,East,4,199,792.0
ORD02141,2025-11-10,CUST0088,Sunglasses,Accessories,South,5,1299,6635.76
ORD02925,2025-11-11,CUST0079,Whiteboard,Stationery,South,2,1499,3086.79
ORD01301,2025-11-11,CUST0113,Sunglasses,Accessories,Central,1,1299,1261.89
ORD00561,2025-11-12,CUST0023,Yoga Mat,Sportswear,South,2,999,2085.62
ORD01542,2025-11-12,CUST0129,Standing Desk,Furniture,South,1,12999,12571.15
ORD02279,2025-11-12,CUST0172,Bluetooth Speaker,Electronics,East,4,1899,7235.99
ORD00073,2025-11-12,CUST0155,Mechanical Keyboard,Electronics,North,1,2499,2439.01
ORD02783,2025-11-12,CUST0166,Bluetooth Speaker,Electronics,West,1,1899,1871.3
ORD00993,2025-11-13,CUST0145,Running Shoes,Sportswear,East,7,3499,23512.7
ORD00186,2025-11-13,CUST0072,USB-C Hub,Electronics,South,5,1299,6777.66
ORD01021,2025-11-13,CUST0105,Sunglasses,Accessories,South,2,1299,2700.95
ORD01459,2025-11-13,CUST0130,Backpack,Accessories,North,1,1999,2094.17
ORD01041,2025-11-13,CUST0057,Notebook Set,Stationery,South,4,199,761.81
ORD02175,2025-11-13,CUST0094,Whiteboard,Stationery,West,7,1499,10247.13
ORD00672,2025-11-13,CUST0082,Sunglasses,Accessories,South,1,1299,1252.14
ORD01346,2025-11-14,CUST0089,Notebook Set,Stationery,West,1,199,208.03
ORD00938,2025-11-14,CUST0138,Office Chair,Furniture,North,4,6499,26571.68
ORD01208,2025-11-14,CUST0124,Standing Desk,Furniture,West,4,12999,51427.96
ORD00486,2025-11-14,CUST0061,Wireless Mouse,Electronics,North,2,799,1668.16
ORD00124,2025-11-14,CUST0168,Backpack,Accessories,East,1,1999,1993.42
ORD01984,2025-11-14,CUST0010,Yoga Mat,Sportswear,East,5,999,4866.86
ORD01196,2025-11-14,CUST0119,USB-C Hub,Electronics,West,4,1299,5061.07
ORD00104,2025-11-14,CUST0137,Yoga Mat,Sportswear,South,1,999,1022.06
ORD00187,2025-11-14,CUST0132,Bluetooth Speaker,Electronics,South,2,1899,3947.95
ORD00332,2025-11-14,CUST0041,Sticky Notes Pack,Stationery,North,2,99,189.82
ORD02870,2025-11-15,CUST0197,Desk Lamp,Furniture,West,4,899,3638.85
ORD02184,2025-11-15,CUST0152,Backpack,Accessories,North,2,1999,4115.28
ORD01733,2025-11-15,CUST0168,Notebook Set,Stationery,West,5,199,957.19
ORD02497,2025-11-15,CUST0112,Sunglasses,Accessories,Central,1,1299,1282.69
ORD01182,2025-11-15,CUST0042,Desk Lamp,Furniture,Central,2,899,1803.91
ORD02154,2025-11-15,CUST0002,Desk Lamp,Furniture,North,12,899,10392.25
ORD01358,2025-11-16,CUST0127,Sticky Notes Pack,Stationery,Central,1,99,99.22
ORD01801,2025-11-16,CUST0175,Backpack,Accessories,South,4,1999,7679.04
ORD01777,2025-11-16,CUST0008,Wireless Mouse,Electronics,North,7,799,5762.61
ORD00227,2025-11-16,CUST0024,USB-C Hub,Electronics,West,4,1299,5312.66
ORD02674,2025-11-16,CUST0130,Yoga Mat,Sportswear,East,5,999,5233.89
ORD01616,2025-11-17,CUST0096,Standing Desk,Furniture,North,1,12999,12379.06
ORD01335,2025-11-17,CUST0173,Running Shoes,Sportswear,North,8,3499,28432.72
ORD02574,2025-11-17,CUST0185,Mechanical Keyboard,Electronics,East,1,2499,2500.54
ORD01034,2025-11-17,CUST0013,Bluetooth Speaker,Electronics,West,5,1899,9746.72
ORD00103,2025-11-17,CUST0049,Sunglasses,Accessories,Central,5,1299,6396.84
ORD01363,2025-11-18,CUST0096,Yoga Mat,Sportswear,East,2,999,1967.55
ORD00370,2025-11-18,CUST0195,Mechanical Keyboard,Electronics,East,2,2499,5179.63
ORD00772,2025-11-18,CUST0042,USB-C Hub,Electronics,East,1,1299,1255.02
ORD02426,2025-11-18,CUST0036,Wireless Mouse,Electronics,North,1,799,835.26
ORD00587,2025-11-18,CUST0176,Yoga Mat,Sportswear,West,2,999,1914.4
ORD02119,2025-11-19,CUST0118,Notebook Set,Stationery,West,7,199,1392.45
ORD02891,2025-11-19,CUST0059,Mechanical Keyboard,Electronics,South,2,2499,4856.62
ORD00636,2025-11-19,CUST0025,Sticky Notes Pack,Stationery,West,4,99,385.58
ORD02109,2025-11-19,CUST0151,Sticky Notes Pack,Stationery,West,5,99,493.67
ORD00478,2025-11-19,CUST0040,USB-C Hub,Electronics,East,1,1299,1328.78
ORD00944,2025-11-19,CUST0180,Mechanical Keyboard,Electronics,East,4,2499,9764.6
ORD00662,2025-11-20,CUST0007,Sunglasses,Accessories,East,4,1299,5433.09
ORD01180,2025-11-20,CUST0007,Bluetooth Speaker,Electronics,North,4,1899,7223.68
ORD00325,2025-11-20,CUST0076,USB-C Hub,Electronics,North,5,1299,6376.11
ORD02661,2025-11-20,CUST0140,Desk Lamp,Furniture,North,4,899,3468.25
ORD02160,2025-11-20,CUST0120,Yoga Mat,Sportswear,South,5,999,4986.12
ORD01788,2025-11-20,CUST0016,Backpack,Accessories,North,4,1999,8344.6
ORD00337,2025-11-20,CUST0168,Backpack,Accessories,West,2,1999,4036.51
ORD00790,2025-11-21,CUST0021,Sticky Notes Pack,Stationery,West,1,99,99.09
ORD01722,2025-11-21,CUST0005,Sunglasses,Accessories,West,2,1299,2693.86
ORD01745,2025-11-21,CUST0125,Bluetooth Speaker,Electronics,Central,5,1899,9198.65
ORD00881,2025-11-21,CUST0197,Standing Desk,Furniture,West,4,12999,51569.03
ORD00762,2025-11-21,CUST0138,Desk Lamp,Furniture,South,2,899,1868.33
ORD01141,2025-11-21,CUST0154,Office Chair,Furniture,North,2,6499,13445.65
ORD01094,2025-11-21,CUST0097,Standing Desk,Furniture,Central,1,12999,13106.33
ORD02851,2025-11-21,CUST0010,Mechanical Keyboard,Electronics,South,5,2499,12572.89
ORD02097,2025-11-21,CUST0054,Mechanical Keyboard,Electronics,North,7,2499,18116.77
ORD01387,2025-11-21,CUST0188,Water Bottle,Sportswear,East,4,449,1736.5
ORD02204,2025-11-21,CUST0077,Sticky Notes Pack,Stationery,South,1,99,97.21
ORD02866,2025-11-22,CUST0040,Mechanical Keyboard,Electronics,North,1,2499,2446.55
ORD02287,2025-11-22,CUST0035,Desk Lamp,Furniture,North,2,899,1749.81
ORD02152,2025-11-22,CUST0126,Backpack,Accessories,East,4,1999,8138.02
ORD00953,2025-11-22,CUST0165,Running Shoes,Sportswear,Central,4,3499,14422.83
ORD00100,2025-11-22,CUST0047,Sticky Notes Pack,Stationery,North,2,99,192.9
ORD02987,2025-11-22,CUST0033,Yoga Mat,Sportswear,South,2,999,1906.21
ORD00025,2025-11-22,CUST0147,Water Bottle,Sportswear,West,2,449,916.96
ORD00600,2025-11-22,CUST0163,Notebook Set,Stationery,Central,1,199,201.63
ORD00123,2025-11-23,CUST0184,Wireless Mouse,Electronics,East,1,799,793.15
ORD00294,2025-11-23,CUST0186,Standing Desk,Furniture,East,2,12999,26934.29
ORD02111,2025-11-23,CUST0133,Backpack,Accessories,Central,1,1999,2096.04
ORD02302,2025-11-23,CUST0008,Running Shoes,Sportswear,South,1,3499,3659.72
ORD02546,2025-11-24,CUST0193,Yoga Mat,Sportswear,West,4,999,4032.43
ORD00128,2025-11-24,CUST0035,Standing Desk,Furniture,East,4,12999,53144.14
ORD02408,2025-11-24,CUST0072,Desk Lamp,Furniture,South,5,899,4572.81
ORD02958,2025-11-24,CUST0012,Yoga Mat,Sportswear,West,4,999,4011.04
ORD01467,2025-11-24,CUST0087,Desk Lamp,Furniture,West,1,899,936.06
ORD02816,2025-11-25,CUST0031,Notebook Set,Stationery,East,7,199,1403.63
ORD01024,2025-11-25,CUST0144,Sticky Notes Pack,Stationery,North,1,99,101.07
ORD01426,2025-11-25,CUST0080,Sunglasses,Accessories,South,2,1299,2586.95
ORD00384,2025-11-25,CUST0173,Standing Desk,Furniture,Central,2,12999,26460.28
ORD01537,2025-11-25,CUST0025,Notebook Set,Stationery,South,4,199,776.35
ORD01397,2025-11-25,CUST0164,Backpack,Accessories,West,1,1999,2017.62
ORD02384,2025-11-25,CUST0110,Notebook Set,Stationery,Central,2,199,378.36
ORD00261,2025-11-25,CUST0068,Mechanical Keyboard,Electronics,North,1,2499,2437.88
ORD00773,2025-11-25,CUST0062,Wireless Mouse,Electronics,West,1,799,801.73
ORD01605,2025-11-26,CUST0096,Standing Desk,Furniture,South,2,12999,26435.7
ORD01260,2025-11-26,CUST0002,Bluetooth Speaker,Electronics,South,1,1899,1884.48
ORD01213,2025-11-26,CUST0097,USB-C Hub,Electronics,South,1,1299,1252.38
ORD01430,2025-11-27,CUST0167,Running Shoes,Sportswear,East,1,3499,3588.38
ORD01680,2025-11-27,CUST0138,Notebook Set,Stationery,Central,1,199,195.88
ORD00583,2025-11-27,CUST0027,Water Bottle,Sportswear,North,1,449,433.36
ORD01258,2025-11-27,CUST0065,Office Chair,Furniture,East,1,6499,6412.44
ORD01603,2025-11-27,CUST0133,USB-C Hub,Electronics,West,5,1299,6374.88
ORD01185,2025-11-27,CUST0191,Notebook Set,Stationery,North,1,199,192.85
ORD02121,2025-11-27,CUST0030,Water Bottle,Sportswear,North,1,449,455.52
ORD00212,2025-11-27,CUST0089,Wireless Mouse,Electronics,Central,1,799,802.55
ORD01007,2025-11-27,CUST0104,Water Bottle,Sportswear,South,5,449,2157.81
ORD00192,2025-11-28,CUST0020,Wireless Mouse,Electronics,West,5,799,3943.48
ORD01274,2025-11-28,CUST0108,USB-C Hub,Electronics,Central,2,1299,2671.89
ORD02564,2025-11-28,CUST0012,Whiteboard,Stationery,East,1,1499,1495.27
ORD02135,2025-11-28,CUST0142,Water Bottle,Sportswear,North,1,449,457.95
ORD02425,2025-11-28,CUST0172,USB-C Hub,Electronics,North,4,1299,5230.63
ORD01186,2025-11-28,CUST0050,Backpack,Accessories,South,7,1999,14170.23
ORD00160,2025-11-28,CUST0038,Sticky Notes Pack,Stationery,East,4,99,392.37
ORD01821,2025-11-28,CUST0095,Bluetooth Speaker,Electronics,South,1,1899,1842.4
ORD01551,2025-11-29,CUST0078,Mechanical Keyboard,Electronics,Central,1,2499,2536.17
ORD00991,2025-11-29,CUST0109,Wireless Mouse,Electronics,East,2,799,1677.61
ORD00334,2025-11-29,CUST0076,Sunglasses,Accessories,Central,1,1299,1288.85
ORD02804,2025-11-30,CUST0088,Sticky Notes Pack,Stationery,North,4,99,401.0
ORD00940,2025-11-30,CUST0123,Desk Lamp,Furniture,West,2,899,1785.59
ORD02911,2025-11-30,CUST0017,Bluetooth Speaker,Electronics,East,4,1899,7829.62
ORD00699,2025-11-30,CUST0169,Water Bottle,Sportswear,North,2,449,866.21
ORD01962,2025-11-30,CUST0167,Sunglasses,Accessories,East,2,1299,2622.98
ORD02170,2025-11-30,CUST0096,Water Bottle,Sportswear,East,1,449,448.18
ORD02013,2025-11-30,CUST0200,Water Bottle,Sportswear,East,1,449,432.08
ORD02481,2025-12-01,CUST0155,Standing Desk,Furniture,North,1,12999,13268.8
ORD00477,2025-12-01,CUST0020,Yoga Mat,Sportswear,Central,4,999,4191.49
ORD01456,2025-12-01,CUST0130,Notebook Set,Stationery,North,1,199,199.23
ORD01610,2025-12-01,CUST0178,Sticky Notes Pack,Stationery,North,5,99,503.7
ORD01863,2025-12-01,CUST0001,Sunglasses,Accessories,Central,9,1299,11707.42
ORD00801,2025-12-01,CUST0049,Yoga Mat,Sportswear,West,1,999,998.95
ORD02174,2025-12-01,CUST0064,Desk Lamp,Furniture,West,4,899,3696.97
ORD02239,2025-12-01,CUST0069,Yoga Mat,Sportswear,East,7,999,7150.87
ORD01275,2025-12-01,CUST0108,Standing Desk,Furniture,West,1,12999,13289.63
ORD01184,2025-12-02,CUST0006,Bluetooth Speaker,Electronics,South,1,1899,1847.79
ORD01991,2025-12-02,CUST0109,USB-C Hub,Electronics,North,4,1299,4936.94
ORD01475,2025-12-02,CUST0081,Whiteboard,Stationery,South,4,1499,5706.34
ORD01131,2025-12-02,CUST0014,Sunglasses,Accessories,West,2,1299,2640.94
ORD02608,2025-12-02,CUST0059,Yoga Mat,Sportswear,West,2,999,2051.73
ORD00718,2025-12-03,CUST0046,Backpack,Accessories,East,1,1999,2070.36
ORD01245,2025-12-03,CUST0125,Office Chair,Furniture,North,4,6499,25082.29
ORD00706,2025-12-03,CUST0149,Wireless Mouse,Electronics,South,2,799,1636.6
ORD00089,2025-12-03,CUST0180,Sticky Notes Pack,Stationery,South,1,99,99.96
ORD01455,2025-12-03,CUST0116,Yoga Mat,Sportswear,Central,1,999,950.27
ORD00010,2025-12-04,CUST0041,Sunglasses,Accessories,Central,2,1299,2609.09
ORD01786,2025-12-04,CUST0089,Wireless Mouse,Electronics,North,4,799,3062.52
ORD01112,2025-12-04,CUST0080,Mechanical Keyboard,Electronics,North,4,2499,9684.03
ORD01532,2025-12-05,CUST0027,Backpack,Accessories,West,2,1999,3818.1
ORD01111,2025-12-05,CUST0069,Standing Desk,Furniture,East,1,12999,13645.6
ORD01155,2025-12-05,CUST0080,Desk Lamp,Furniture,North,2,899,1763.76
ORD02327,2025-12-06,CUST0077,Whiteboard,Stationery,East,2,1499,2930.18
ORD01739,2025-12-06,CUST0153,Bluetooth Speaker,Electronics,North,4,1899,7553.51
ORD02314,2025-12-06,CUST0167,Bluetooth Speaker,Electronics,Central,1,1899,1955.95
ORD01681,2025-12-06,CUST0030,Water Bottle,Sportswear,Central,5,449,2210.79
ORD02763,2025-12-07,CUST0091,Yoga Mat,Sportswear,East,2,999,2035.0
ORD01222,2025-12-07,CUST0117,Whiteboard,Stationery,North,1,1499,1442.78
ORD02572,2025-12-07,CUST0122,Desk Lamp,Furniture,North,2,899,1742.71
ORD02819,2025-12-07,CUST0183,Desk Lamp,Furniture,Central,7,899,6014.95
ORD01807,2025-12-07,CUST0097,Bluetooth Speaker,Electronics,Central,4,1899,7759.08
ORD02414,2025-12-08,CUST0125,Water Bottle,Sportswear,South,4,449,1799.0
ORD00059,2025-12-08,CUST0076,Water Bottle,Sportswear,North,2,449,934.4
ORD01759,2025-12-08,CUST0037,USB-C Hub,Electronics,East,2,1299,2717.01
ORD01561,2025-12-08,CUST0113,Wireless Mouse,Electronics,Central,1,799,795.48
ORD01190,2025-12-08,CUST0125,Office Chair,Furniture,South,2,6499,12873.41
ORD00137,2025-12-08,CUST0098,Office Chair,Furniture,West,1,6499,6649.9
ORD01782,2025-12-09,CUST0185,Wireless Mouse,Electronics,South,1,799,831.45
ORD02369,2025-12-09,CUST0087,Bluetooth Speaker,Electronics,Central,1,1899,1899.93
ORD01313,2025-12-09,CUST0192,Notebook Set,Stationery,South,4,199,800.93
ORD02790,2025-12-09,CUST0040,Running Shoes,Sportswear,North,2,3499,6684.57
ORD02235,2025-12-09,CUST0093,Whiteboard,Stationery,West,2,1499,2853.0
ORD00180,2025-12-10,CUST0064,Notebook Set,Stationery,South,2,199,380.98
ORD00650,2025-12-10,CUST0126,Water Bottle,Sportswear,East,2,449,897.51
ORD01408,2025-12-10,CUST0081,Office Chair,Furniture,Central,1,6499,6812.7
ORD02100,2025-12-10,CUST0199,Whiteboard,Stationery,West,7,1499,10567.25
ORD02415,2025-12-11,CUST0057,Desk Lamp,Furniture,East,1,899,868.41
ORD02254,2025-12-11,CUST0044,Sunglasses,Accessories,North,2,1299,2680.48
ORD02964,2025-12-11,CUST0115,Sunglasses,Accessories,South,1,1299,1357.04
ORD02045,2025-12-11,CUST0050,Sticky Notes Pack,Stationery,South,2,99,193.43
ORD00441,2025-12-11,CUST0022,USB-C Hub,Electronics,South,1,1299,1319.36
ORD00653,2025-12-11,CUST0039,Water Bottle,Sportswear,South,2,449,927.77
ORD02458,2025-12-11,CUST0159,Mechanical Keyboard,Electronics,South,2,2499,5102.3
ORD01031,2025-12-12,CUST0014,Sticky Notes Pack,Stationery,Central,1,99,96.86
ORD01470,2025-12-12,CUST0051,Sunglasses,Accessories,West,2,1299,2468.35
ORD00646,2025-12-13,CUST0040,Standing Desk,Furniture,Central,2,12999,25207.03
ORD01355,2025-12-13,CUST0090,Notebook Set,Stationery,West,4,199,820.45
ORD02963,2025-12-13,CUST0200,Yoga Mat,Sportswear,South,5,999,4776.71
ORD00019,2025-12-14,CUST0190,Whiteboard,Stationery,North,1,1499,1458.22
ORD02165,2025-12-14,CUST0053,Sunglasses,Accessories,Central,1,1299,1275.37
ORD02423,2025-12-14,CUST0099,Running Shoes,Sportswear,South,4,3499,14105.3
ORD01226,2025-12-14,CUST0030,Standing Desk,Furniture,North,4,12999,51871.52
ORD00480,2025-12-14,CUST0058,Sunglasses,Accessories,Central,4,1299,5334.48
ORD00612,2025-12-14,CUST0093,Wireless Mouse,Electronics,Central,1,799,768.17
ORD02407,2025-12-15,CUST0123,Bluetooth Speaker,Electronics,Central,4,1899,7965.83
ORD01639,2025-12-15,CUST0192,Sunglasses,Accessories,Central,4,1299,5079.12
ORD01050,2025-12-15,CUST0177,Bluetooth Speaker,Electronics,South,2,1899,3752.4
ORD02344,2025-12-15,CUST0143,Sunglasses,Accessories,East,1,1299,1238.89
ORD02530,2025-12-15,CUST0193,Wireless Mouse,Electronics,West,1,799,817.59
ORD01322,2025-12-16,CUST0042,Backpack,Accessories,East,4,1999,8022.8
ORD01709,2025-12-16,CUST0137,Bluetooth Speaker,Electronics,West,2,1899,3895.26
ORD02512,2025-12-16,CUST0099,Water Bottle,Sportswear,South,1,449,444.52
ORD00044,2025-12-16,CUST0114,Sunglasses,Accessories,West,1,1299,1251.29
ORD00097,2025-12-16,CUST0152,Running Shoes,Sportswear,North,1,3499,3606.02
ORD00341,2025-12-16,CUST0101,Notebook Set,Stationery,Central,5,199,984.99
ORD02858,2025-12-17,CUST0016,Yoga Mat,Sportswear,Central,1,999,1016.4
ORD02999,2025-12-17,CUST0118,Bluetooth Speaker,Electronics,East,2,1899,3760.78
ORD01954,2025-12-17,CUST0039,Desk Lamp,Furniture,North,5,899,4616.55
ORD01618,2025-12-17,CUST0022,Desk Lamp,Furniture,Central,1,899,931.48
ORD01522,2025-12-17,CUST0175,Mechanical Keyboard,Electronics,West,2,2499,4825.06
ORD00850,2025-12-18,CUST0056,Mechanical Keyboard,Electronics,East,2,2499,5053.55
ORD01332,2025-12-18,CUST0152,USB-C Hub,Electronics,Central,2,1299,2594.85
ORD00207,2025-12-18,CUST0171,Standing Desk,Furniture,South,2,12999,26877.03
ORD02487,2025-12-18,CUST0089,Whiteboard,Stationery,South,1,1499,1494.41
ORD00732,2025-12-18,CUST0180,Yoga Mat,Sportswear,South,1,999,999.49
ORD02001,2025-12-18,CUST0100,Sticky Notes Pack,Stationery,West,1,99,98.0
ORD01802,2025-12-19,CUST0024,Desk Lamp,Furniture,Central,5,899,4707.74
ORD00308,2025-12-19,CUST0189,Bluetooth Speaker,Electronics,West,2,1899,3885.92
ORD00375,2025-12-20,CUST0079,Sunglasses,Accessories,North,1,1299,1331.3
ORD00853,2025-12-20,CUST0044,Sticky Notes Pack,Stationery,Central,1,99,94.34
ORD02273,2025-12-20,CUST0044,Notebook Set,Stationery,East,1,199,189.3
ORD02183,2025-12-20,CUST0190,Sticky Notes Pack,Stationery,Central,1,99,100.93
ORD01033,2025-12-21,CUST0106,Desk Lamp,Furniture,Central,2,899,1721.48
ORD02614,2025-12-21,CUST0191,USB-C Hub,Electronics,North,1,1299,1318.2
ORD02057,2025-12-21,CUST0175,Bluetooth Speaker,Electronics,East,2,1899,3912.18
ORD01915,2025-12-21,CUST0152,Mechanical Keyboard,Electronics,West,4,2499,10362.64
ORD00591,2025-12-22,CUST0123,Notebook Set,Stationery,East,5,199,945.36
ORD02187,2025-12-22,CUST0193,Bluetooth Speaker,Electronics,Central,4,1899,7725.96
ORD01626,2025-12-22,CUST0021,Office Chair,Furniture,East,1,6499,6586.23
ORD00166,2025-12-22,CUST0046,Mechanical Keyboard,Electronics,East,2,2499,4891.56
ORD00788,2025-12-23,CUST0093,Mechanical Keyboard,Electronics,North,4,2499,9565.1
ORD01496,2025-12-23,CUST0020,Notebook Set,Stationery,West,7,199,1381.26
ORD01596,2025-12-23,CUST0200,Water Bottle,Sportswear,North,1,449,455.79
ORD02982,2025-12-23,CUST0070,Wireless Mouse,Electronics,North,2,799,1579.5
ORD01535,2025-12-23,CUST0173,USB-C Hub,Electronics,East,1,1299,1302.72
ORD00746,2025-12-23,CUST0182,Wireless Mouse,Electronics,West,1,799,802.07
ORD02459,2025-12-24,CUST0049,Office Chair,Furniture,East,1,6499,6420.2
ORD02785,2025-12-24,CUST0157,Notebook Set,Stationery,North,1,199,189.7
ORD02205,2025-12-24,CUST0162,Running Shoes,Sportswear,South,2,3499,6839.38
ORD01510,2025-12-24,CUST0121,Sticky Notes Pack,Stationery,West,1,99,102.09
ORD02051,2025-12-24,CUST0101,Whiteboard,Stationery,North,1,1499,1502.59
ORD00763,2025-12-24,CUST0092,Running Shoes,Sportswear,North,1,3499,3357.88
ORD01900,2025-12-25,CUST0022,Mechanical Keyboard,Electronics,East,2,2499,4866.37
ORD00608,2025-12-25,CUST0121,Water Bottle,Sportswear,Central,7,449,3216.04
ORD02468,2025-12-25,CUST0081,Office Chair,Furniture,South,4,6499,26605.15
ORD02198,2025-12-25,CUST0025,Bluetooth Speaker,Electronics,West,2,1899,3943.44
ORD00411,2025-12-25,CUST0082,Running Shoes,Sportswear,West,4,3499,14099.35
ORD01947,2025-12-26,CUST0158,USB-C Hub,Electronics,South,2,1299,2562.68
ORD01307,2025-12-26,CUST0061,Notebook Set,Stationery,West,2,199,397.32
ORD02436,2025-12-26,CUST0099,Backpack,Accessories,North,2,1999,4164.38
ORD00200,2025-12-27,CUST0028,Wireless Mouse,Electronics,North,4,799,3151.02
ORD00328,2025-12-27,CUST0145,Wireless Mouse,Electronics,Central,1,799,830.28
ORD00237,2025-12-27,CUST0067,Office Chair,Furniture,West,1,6499,6505.32
ORD02485,2025-12-27,CUST0196,Sticky Notes Pack,Stationery,East,1,99,101.57
ORD02727,2025-12-27,CUST0101,Sunglasses,Accessories,Central,7,1299,9286.94
ORD01302,2025-12-28,CUST0016,Whiteboard,Stationery,West,1,1499,1471.97
ORD02595,2025-12-28,CUST0033,Wireless Mouse,Electronics,South,1,799,815.54
ORD00934,2025-12-28,CUST0145,Water Bottle,Sportswear,East,2,449,931.53
ORD02781,2025-12-29,CUST0108,USB-C Hub,Electronics,West,2,1299,2542.35
ORD00091,2025-12-29,CUST0038,Sunglasses,Accessories,East,1,1299,1346.7
ORD02511,2025-12-29,CUST0043,Notebook Set,Stationery,South,7,199,1379.66
ORD00164,2025-12-29,CUST0058,Water Bottle,Sportswear,North,5,449,2330.51
ORD01774,2025-12-29,CUST0022,Office Chair,Furniture,West,1,6499,6691.14
ORD00287,2025-12-30,CUST0106,Yoga Mat,Sportswear,West,4,999,3909.19
ORD00911,2025-12-30,CUST0148,Whiteboard,Stationery,East,4,1499,5923.27
ORD02509,2025-12-30,CUST0030,Desk Lamp,Furniture,South,1,899,902.35
ORD00217,2025-12-30,CUST0036,Running Shoes,Sportswear,East,5,3499,18290.43
ORD01150,2025-12-30,CUST0064,Sticky Notes Pack,Stationery,East,2,99,199.97
ORD00344,2025-12-30,CUST0023,Mechanical Keyboard,Electronics,East,2,2499,5127.62
ORD02130,2025-12-31,CUST0099,Notebook Set,Stationery,North,8,199,1670.15
ORD02906,2025-12-31,CUST0009,Bluetooth Speaker,Electronics,Central,2,1899,3775.39
ORD00761,2025-12-31,CUST0034,Yoga Mat,Sportswear,South,1,999,982.29
ORD01696,2025-12-31,CUST0004,Standing Desk,Furniture,East,1,12999,13483.6
ORD00748,2025-12-31,CUST0056,Sticky Notes Pack,Stationery,North,2,99,194.68
ORD02817,2025-12-31,CUST0056,Notebook Set,Stationery,West,2,199,403.98
ORD01219,2026-01-01,CUST0080,Office Chair,Furniture,West,1,6499,6710.42
ORD00743,2026-01-01,CUST0143,Mechanical Keyboard,Electronics,West,3,2499,7345.57
ORD01882,2026-01-01,CUST0009,Whiteboard,Stationery,South,2,1499,2928.54
ORD01601,2026-01-01,CUST0195,Whiteboard,Stationery,East,1,1499,1474.94
ORD00181,2026-01-01,CUST0102,Sunglasses,Accessories,North,2,1299,2691.56
ORD02357,2026-01-01,CUST0014,Running Shoes,Sportswear,East,2,3499,7309.21
ORD02648,2026-01-02,CUST0187,Bluetooth Speaker,Electronics,North,4,1899,7772.18
ORD00450,2026-01-02,CUST0041,Sunglasses,Accessories,South,4,1299,5220.36
ORD01921,2026-01-02,CUST0146,Sticky Notes Pack,Stationery,East,1,99,99.87
ORD00270,2026-01-02,CUST0144,Whiteboard,Stationery,North,1,1499,1493.24
ORD00575,2026-01-02,CUST0038,Bluetooth Speaker,Electronics,West,1,1899,1825.15
ORD02118,2026-01-02,CUST0196,Whiteboard,Stationery,South,2,1499,2961.53
ORD02839,2026-01-02,CUST0011,Backpack,Accessories,East,1,1999,2098.8
ORD01490,2026-01-03,CUST0048,Wireless Mouse,Electronics,Central,1,799,830.05
ORD01382,2026-01-03,CUST0112,Water Bottle,Sportswear,South,2,449,866.45
ORD01519,2026-01-03,CUST0005,Backpack,Accessories,North,1,1999,2012.81
ORD02985,2026-01-03,CUST0023,Yoga Mat,Sportswear,Central,3,999,2872.47
ORD00416,2026-01-03,CUST0068,USB-C Hub,Electronics,South,1,1299,1316.67
ORD00481,2026-01-03,CUST0044,Water Bottle,Sportswear,Central,3,449,1307.57
ORD00992,2026-01-04,CUST0042,Mechanical Keyboard,Electronics,East,1,2499,2401.67
ORD00058,2026-01-04,CUST0062,Desk Lamp,Furniture,West,2,899,1870.38
ORD01657,2026-01-04,CUST0105,Mechanical Keyboard,Electronics,North,1,2499,2545.1
ORD01859,2026-01-04,CUST0041,Yoga Mat,Sportswear,Central,1,999,1005.02
ORD01912,2026-01-05,CUST0102,Mechanical Keyboard,Electronics,East,3,2499,7748.6
ORD01331,2026-01-05,CUST0005,USB-C Hub,Electronics,West,2,1299,2571.77
ORD00449,2026-01-05,CUST0127,Running Shoes,Sportswear,North,1,3499,3585.91
ORD00293,2026-01-06,CUST0127,Whiteboard,Stationery,South,3,1499,4595.94
ORD00978,2026-01-06,CUST0199,Wireless Mouse,Electronics,West,2,799,1609.38
ORD00531,2026-01-06,CUST0052,Bluetooth Speaker,Electronics,South,2,1899,3973.98
ORD00981,2026-01-06,CUST0062,Office Chair,Furniture,Central,2,6499,13095.58
ORD01230,2026-01-06,CUST0168,Whiteboard,Stationery,East,1,1499,1510.64
ORD00556,2026-01-06,CUST0197,Desk Lamp,Furniture,Central,3,899,2705.44
ORD00834,2026-01-07,CUST0036,Office Chair,Furniture,West,1,6499,6282.48
ORD02636,2026-01-07,CUST0064,Sunglasses,Accessories,Central,2,1299,2564.86
ORD00808,2026-01-07,CUST0155,Running Shoes,Sportswear,North,1,3499,3567.82
ORD01728,2026-01-07,CUST0066,Standing Desk,Furniture,Central,3,12999,37985.16
ORD02806,2026-01-07,CUST0020,Sunglasses,Accessories,North,2,1299,2705.83
ORD01318,2026-01-08,CUST0063,Wireless Mouse,Electronics,West,3,799,2426.95
ORD02945,2026-01-08,CUST0022,Yoga Mat,Sportswear,West,1,999,1040.72
ORD00071,2026-01-08,CUST0016,Standing Desk,Furniture,West,2,12999,25428.55
ORD02703,2026-01-08,CUST0142,Bluetooth Speaker,Electronics,South,2,1899,3982.71
ORD00219,2026-01-08,CUST0002,Bluetooth Speaker,Electronics,North,4,1899,7761.32
ORD00021,2026-01-09,CUST0113,Notebook Set,Stationery,Central,4,199,795.78
ORD02561,2026-01-09,CUST0044,Bluetooth Speaker,Electronics,Central,3,1899,5554.95
ORD00730,2026-01-10,CUST0038,Backpack,Accessories,East,1,1999,2009.56
ORD02083,2026-01-11,CUST0199,Yoga Mat,Sportswear,East,4,999,3828.95
ORD01303,2026-01-11,CUST0004,Standing Desk,Furniture,West,1,12999,12906.5
ORD00349,2026-01-11,CUST0192,Notebook Set,Stationery,East,3,199,569.0
ORD00935,2026-01-11,CUST0093,Notebook Set,Stationery,North,1,199,197.28
ORD01867,2026-01-11,CUST0151,Sticky Notes Pack,Stationery,West,1,99,100.27
ORD02312,2026-01-11,CUST0024,Sunglasses,Accessories,Central,1,1299,1344.58
ORD00340,2026-01-12,CUST0166,Desk Lamp,Furniture,East,2,899,1870.36
ORD02503,2026-01-12,CUST0163,Standing Desk,Furniture,East,3,12999,37914.12
ORD00096,2026-01-12,CUST0070,Wireless Mouse,Electronics,West,1,799,777.05
ORD02377,2026-01-13,CUST0102,Notebook Set,Stationery,South,5,199,1014.49
ORD00538,2026-01-13,CUST0116,Office Chair,Furniture,Central,2,6499,13303.36
ORD01686,2026-01-13,CUST0015,Backpack,Accessories,North,1,1999,2066.63
ORD02846,2026-01-14,CUST0076,Running Shoes,Sportswear,South,2,3499,6942.11
ORD01343,2026-01-14,CUST0133,Running Shoes,Sportswear,West,1,3499,3417.09
ORD02181,2026-01-15,CUST0197,Yoga Mat,Sportswear,East,2,999,1974.99
ORD01742,2026-01-15,CUST0025,Office Chair,Furniture,West,7,6499,44268.97
ORD00155,2026-01-15,CUST0093,Standing Desk,Furniture,Central,6,12999,77226.38
ORD02778,2026-01-15,CUST0080,Standing Desk,Furniture,North,3,12999,37408.82
ORD00474,2026-01-15,CUST0118,Whiteboard,Stationery,North,5,1499,7215.73
ORD00756,2026-01-15,CUST0164,Sticky Notes Pack,Stationery,East,4,99,391.49
ORD01573,2026-01-15,CUST0130,Desk Lamp,Furniture,East,1,899,939.3
ORD00231,2026-01-16,CUST0030,Sticky Notes Pack,Stationery,West,4,99,405.13
ORD02615,2026-01-16,CUST0129,Sticky Notes Pack,Stationery,North,3,99,307.12
ORD00609,2026-01-16,CUST0092,Standing Desk,Furniture,North,4,12999,50993.72
ORD02918,2026-01-16,CUST0092,Whiteboard,Stationery,East,1,1499,1537.33
ORD01702,2026-01-16,CUST0118,Water Bottle,Sportswear,East,3,449,1412.49
ORD00553,2026-01-16,CUST0068,Wireless Mouse,Electronics,East,5,799,3906.35
ORD00211,2026-01-16,CUST0083,Standing Desk,Furniture,Central,3,12999,40158.38
ORD00982,2026-01-16,CUST0152,Wireless Mouse,Electronics,West,2,799,1519.86
ORD02381,2026-01-16,CUST0058,USB-C Hub,Electronics,Central,1,1299,1322.67
ORD02242,2026-01-16,CUST0149,Yoga Mat,Sportswear,North,1,999,986.36
ORD01668,2026-01-16,CUST0186,Water Bottle,Sportswear,Central,4,449,1858.42
ORD01558,2026-01-16,CUST0118,Sticky Notes Pack,Stationery,North,5,99,502.5
ORD00246,2026-01-17,CUST0149,Running Shoes,Sportswear,North,3,3499,10151.3
ORD01627,2026-01-17,CUST0056,Office Chair,Furniture,East,3,6499,20034.44
ORD01295,2026-01-18,CUST0117,Water Bottle,Sportswear,Central,1,449,449.14
ORD00851,2026-01-18,CUST0067,Whiteboard,Stationery,Central,2,1499,3022.65
ORD02949,2026-01-18,CUST0028,Standing Desk,Furniture,West,1,12999,13541.45
ORD01065,2026-01-18,CUST0065,Whiteboard,Stationery,West,2,1499,3132.44
ORD01481,2026-01-18,CUST0100,Sunglasses,Accessories,North,6,1299,7890.6
ORD01781,2026-01-18,CUST0129,Bluetooth Speaker,Electronics,Central,3,1899,5881.07
ORD02630,2026-01-19,CUST0118,Office Chair,Furniture,Central,3,6499,18582.11
ORD01917,2026-01-19,CUST0065,Running Shoes,Sportswear,East,1,3499,3657.52
ORD01939,2026-01-19,CUST0125,Desk Lamp,Furniture,North,1,899,883.16
ORD02643,2026-01-19,CUST0102,Yoga Mat,Sportswear,West,2,999,1965.07
ORD01996,2026-01-19,CUST0157,Mechanical Keyboard,Electronics,South,3,2499,7551.9
ORD02431,2026-01-19,CUST0098,Running Shoes,Sportswear,South,4,3499,14161.37
ORD01081,2026-01-19,CUST0047,Desk Lamp,Furniture,West,1,899,926.89
ORD00222,2026-01-20,CUST0123,Yoga Mat,Sportswear,Central,1,999,1012.3
ORD02290,2026-01-20,CUST0123,Standing Desk,Furniture,Central,1,12999,13114.77
ORD02006,2026-01-20,CUST0087,USB-C Hub,Electronics,Central,1,1299,1235.82
ORD02876,2026-01-20,CUST0192,Office Chair,Furniture,West,1,6499,6433.08
ORD02634,2026-01-20,CUST0033,Wireless Mouse,Electronics,East,4,799,3306.57
ORD02231,2026-01-21,CUST0106,Water Bottle,Sportswear,North,1,449,450.68
ORD02534,2026-01-21,CUST0177,Office Chair,Furniture,South,1,6499,6490.11
ORD02274,2026-01-21,CUST0019,USB-C Hub,Electronics,East,1,1299,1313.97
ORD01500,2026-01-21,CUST0071,Desk Lamp,Furniture,North,3,899,2745.96
ORD01586,2026-01-21,CUST0041,Sunglasses,Accessories,Central,1,1299,1299.13
ORD02499,2026-01-22,CUST0030,Wireless Mouse,Electronics,East,1,799,761.95
ORD01236,2026-01-22,CUST0062,Bluetooth Speaker,Electronics,East,1,1899,1925.72
ORD00813,2026-01-22,CUST0005,Sticky Notes Pack,Stationery,East,4,99,378.46
ORD00995,2026-01-22,CUST0032,Whiteboard,Stationery,South,5,1499,7165.16
ORD00977,2026-01-22,CUST0170,Bluetooth Speaker,Electronics,South,3,1899,5573.88
ORD01624,2026-01-22,CUST0195,Yoga Mat,Sportswear,Central,2,999,1939.96
ORD01089,2026-01-23,CUST0150,Wireless Mouse,Electronics,East,1,799,810.57
ORD00896,2026-01-23,CUST0157,Standing Desk,Furniture,East,4,12999,49959.84
ORD00839,2026-01-23,CUST0133,Yoga Mat,Sportswear,North,1,999,956.87
ORD00775,2026-01-23,CUST0196,Standing Desk,Furniture,Central,1,12999,12424.11
ORD00008,2026-01-23,CUST0191,Mechanical Keyboard,Electronics,South,1,2499,2515.92
ORD01472,2026-01-24,CUST0173,Whiteboard,Stationery,Central,1,1499,1515.27
ORD00783,2026-01-24,CUST0150,Backpack,Accessories,West,3,1999,5889.65
ORD01674,2026-01-24,CUST0079,Mechanical Keyboard,Electronics,Central,4,2499,10253.97
ORD02729,2026-01-24,CUST0155,Whiteboard,Stationery,South,1,1499,1560.75
ORD01030,2026-01-24,CUST0014,Whiteboard,Stationery,North,3,1499,4633.1
ORD01407,2026-01-24,CUST0113,Sunglasses,Accessories,Central,2,1299,2659.63
ORD01388,2026-01-24,CUST0152,Desk Lamp,Furniture,West,2,899,1728.28
ORD01699,2026-01-25,CUST0099,Yoga Mat,Sportswear,South,1,999,1045.94
ORD01240,2026-01-25,CUST0045,Desk Lamp,Furniture,East,1,899,893.93
ORD02180,2026-01-25,CUST0078,Notebook Set,Stationery,South,1,199,205.2
ORD00075,2026-01-25,CUST0109,Mechanical Keyboard,Electronics,Central,3,2499,7779.38
ORD02061,2026-01-25,CUST0124,Desk Lamp,Furniture,East,2,899,1727.97
ORD02081,2026-01-26,CUST0019,Bluetooth Speaker,Electronics,South,4,1899,7246.77
ORD02234,2026-01-26,CUST0181,Standing Desk,Furniture,North,2,12999,24847.96
ORD02043,2026-01-26,CUST0077,Sunglasses,Accessories,East,1,1299,1319.75
ORD02367,2026-01-26,CUST0179,Mechanical Keyboard,Electronics,East,3,2499,7824.2
ORD00420,2026-01-26,CUST0179,Desk Lamp,Furniture,West,1,899,874.76
ORD02917,2026-01-27,CUST0152,Sticky Notes Pack,Stationery,South,1,99,101.83
ORD01934,2026-01-27,CUST0116,Notebook Set,Stationery,North,5,199,1039.55
ORD02207,2026-01-27,CUST0075,USB-C Hub,Electronics,South,1,1299,1237.62
ORD02864,2026-01-27,CUST0166,Yoga Mat,Sportswear,North,2,999,1995.9
ORD00182,2026-01-27,CUST0121,Running Shoes,Sportswear,West,1,3499,3408.74
ORD02450,2026-01-28,CUST0198,Water Bottle,Sportswear,East,2,449,902.65
ORD02602,2026-01-28,CUST0199,Notebook Set,Stationery,South,2,199,396.75
ORD00064,2026-01-28,CUST0166,Mechanical Keyboard,Electronics,East,1,2499,2502.33
ORD01720,2026-01-28,CUST0051,Bluetooth Speaker,Electronics,North,1,1899,1911.4
ORD01546,2026-01-28,CUST0136,Sunglasses,Accessories,West,4,1299,5090.42
ORD00871,2026-01-28,CUST0100,Standing Desk,Furniture,West,4,12999,53409.44
ORD02695,2026-01-28,CUST0081,Bluetooth Speaker,Electronics,West,3,1899,5758.37
ORD02439,2026-01-28,CUST0052,Yoga Mat,Sportswear,Central,3,999,2915.9
ORD00898,2026-01-30,CUST0184,Sunglasses,Accessories,West,1,1299,1328.2
ORD01152,2026-01-30,CUST0144,Sticky Notes Pack,Stationery,East,2,99,204.39
ORD02417,2026-01-30,CUST0130,Yoga Mat,Sportswear,Central,5,999,5243.01
ORD00800,2026-01-30,CUST0130,Standing Desk,Furniture,West,1,12999,13357.61
ORD01423,2026-01-30,CUST0088,Yoga Mat,Sportswear,North,4,999,4182.28
ORD02613,2026-01-30,CUST0035,Bluetooth Speaker,Electronics,North,1,1899,1817.58
ORD02809,2026-01-30,CUST0027,Bluetooth Speaker,Electronics,Central,5,1899,9245.47
ORD00795,2026-01-31,CUST0012,Notebook Set,Stationery,Central,2,199,382.26
ORD02599,2026-01-31,CUST0142,Office Chair,Furniture,East,2,6499,12385.29
ORD02659,2026-01-31,CUST0002,Water Bottle,Sportswear,North,3,449,1384.33
ORD01849,2026-01-31,CUST0195,USB-C Hub,Electronics,Central,2,1299,2572.37
ORD01325,2026-01-31,CUST0176,Sticky Notes Pack,Stationery,West,2,99,196.51
ORD02713,2026-01-31,CUST0062,Running Shoes,Sportswear,Central,2,3499,6930.74
ORD01159,2026-01-31,CUST0036,Sunglasses,Accessories,East,1,1299,1356.21
ORD00973,2026-01-31,CUST0036,Standing Desk,Furniture,Central,2,12999,26378.52
ORD01445,2026-02-01,CUST0194,Notebook Set,Stationery,West,2,199,401.18
ORD00150,2026-02-01,CUST0034,Mechanical Keyboard,Electronics,East,3,2499,7468.47
ORD02723,2026-02-01,CUST0119,Desk Lamp,Furniture,Central,3,899,2756.78
ORD00829,2026-02-01,CUST0041,Sticky Notes Pack,Stationery,South,1,99,103.79
ORD01870,2026-02-01,CUST0017,Running Shoes,Sportswear,Central,2,3499,6949.51
ORD02861,2026-02-02,CUST0087,Water Bottle,Sportswear,East,1,449,465.93
ORD02086,2026-02-02,CUST0115,Running Shoes,Sportswear,North,2,3499,6810.12
ORD02335,2026-02-02,CUST0094,USB-C Hub,Electronics,West,1,1299,1300.58
ORD02739,2026-02-02,CUST0139,Sticky Notes Pack,Stationery,East,1,99,102.15
ORD01895,2026-02-02,CUST0004,Yoga Mat,Sportswear,East,2,999,2024.51
ORD01910,2026-02-02,CUST0134,USB-C Hub,Electronics,North,1,1299,1332.52
ORD01994,2026-02-02,CUST0145,Desk Lamp,Furniture,South,1,899,862.14
ORD00154,2026-02-03,CUST0037,Wireless Mouse,Electronics,Central,1,799,835.47
ORD00283,2026-02-03,CUST0138,Standing Desk,Furniture,South,4,12999,52336.83
ORD02744,2026-02-03,CUST0020,Notebook Set,Stationery,East,7,199,1460.18
ORD02705,2026-02-03,CUST0062,Sticky Notes Pack,Stationery,South,4,99,415.57
ORD00240,2026-02-03,CUST0163,Office Chair,Furniture,South,1,6499,6274.0
ORD02789,2026-02-03,CUST0143,Water Bottle,Sportswear,North,2,449,917.36
ORD00903,2026-02-03,CUST0158,Desk Lamp,Furniture,North,2,899,1778.13
ORD00513,2026-02-03,CUST0082,Sticky Notes Pack,Stationery,Central,4,99,390.91
ORD02044,2026-02-03,CUST0068,Bluetooth Speaker,Electronics,Central,1,1899,1871.41
ORD02040,2026-02-03,CUST0162,USB-C Hub,Electronics,West,2,1299,2701.69
ORD02177,2026-02-04,CUST0112,Yoga Mat,Sportswear,West,1,999,1044.17
ORD01799,2026-02-04,CUST0074,Sunglasses,Accessories,Central,1,1299,1285.93
ORD02171,2026-02-04,CUST0102,Yoga Mat,Sportswear,West,1,999,949.82
ORD02494,2026-02-04,CUST0106,Mechanical Keyboard,Electronics,South,5,2499,12367.99
ORD02317,2026-02-05,CUST0017,Desk Lamp,Furniture,Central,1,899,921.48
ORD02032,2026-02-05,CUST0162,Backpack,Accessories,North,2,1999,3839.58
ORD00024,2026-02-05,CUST0124,Sunglasses,Accessories,East,4,1299,5351.02
ORD02358,2026-02-05,CUST0009,Office Chair,Furniture,North,3,6499,20053.24
ORD00032,2026-02-05,CUST0109,Wireless Mouse,Electronics,East,3,799,2418.54
ORD01334,2026-02-05,CUST0093,Water Bottle,Sportswear,West,2,449,937.81
ORD02374,2026-02-05,CUST0179,Bluetooth Speaker,Electronics,North,2,1899,3615.79
ORD02059,2026-02-05,CUST0046,Backpack,Accessories,East,3,1999,6278.2
ORD00782,2026-02-06,CUST0035,Yoga Mat,Sportswear,South,3,999,3136.88
ORD00760,2026-02-06,CUST0052,Backpack,Accessories,East,1,1999,1958.59
ORD01026,2026-02-06,CUST0196,Sunglasses,Accessories,North,3,1299,3987.68
ORD01520,2026-02-06,CUST0169,Office Chair,Furniture,North,1,6499,6658.55
ORD02823,2026-02-06,CUST0042,Wireless Mouse,Electronics,Central,1,799,834.96
ORD01028,2026-02-06,CUST0064,Backpack,Accessories,North,3,1999,5933.92
ORD01142,2026-02-06,CUST0167,Wireless Mouse,Electronics,Central,2,799,1617.87
ORD02261,2026-02-07,CUST0184,USB-C Hub,Electronics,North,5,1299,6291.14
ORD02212,2026-02-07,CUST0164,Water Bottle,Sportswear,West,2,449,884.52
ORD00865,2026-02-07,CUST0067,USB-C Hub,Electronics,East,1,1299,1359.04
ORD00914,2026-02-07,CUST0191,Desk Lamp,Furniture,West,1,899,855.68
ORD02569,2026-02-07,CUST0046,Yoga Mat,Sportswear,South,1,999,953.95
ORD00443,2026-02-07,CUST0053,Bluetooth Speaker,Electronics,South,1,1899,1909.14
ORD02194,2026-02-08,CUST0100,Running Shoes,Sportswear,South,3,3499,10906.71
ORD00438,2026-02-08,CUST0017,Water Bottle,Sportswear,South,3,449,1340.28
ORD02094,2026-02-08,CUST0088,Desk Lamp,Furniture,South,1,899,942.76
ORD00825,2026-02-08,CUST0117,Desk Lamp,Furniture,West,2,899,1785.77
ORD00547,2026-02-09,CUST0017,Sunglasses,Accessories,South,3,1299,4016.14
ORD00951,2026-02-09,CUST0194,Yoga Mat,Sportswear,North,1,999,984.96
ORD00565,2026-02-09,CUST0064,Standing Desk,Furniture,South,1,12999,12649.94
ORD00117,2026-02-09,CUST0063,Sticky Notes Pack,Stationery,East,1,99,103.17
ORD02453,2026-02-09,CUST0143,Notebook Set,Stationery,West,1,199,204.44
ORD00489,2026-02-09,CUST0157,USB-C Hub,Electronics,Central,5,1299,6504.22
ORD02842,2026-02-10,CUST0122,Bluetooth Speaker,Electronics,East,1,1899,1983.25
ORD02588,2026-02-10,CUST0013,Water Bottle,Sportswear,East,1,449,433.88
ORD00499,2026-02-10,CUST0161,Standing Desk,Furniture,East,3,12999,39719.99
ORD02683,2026-02-10,CUST0098,USB-C Hub,Electronics,West,1,1299,1323.38
ORD01578,2026-02-10,CUST0031,Sticky Notes Pack,Stationery,West,3,99,301.69
ORD00868,2026-02-10,CUST0043,Bluetooth Speaker,Electronics,South,4,1899,7373.28
ORD02385,2026-02-10,CUST0108,Whiteboard,Stationery,Central,1,1499,1535.94
ORD00280,2026-02-10,CUST0094,Notebook Set,Stationery,North,4,199,791.24
ORD00550,2026-02-11,CUST0146,Whiteboard,Stationery,West,3,1499,4566.33
ORD02585,2026-02-11,CUST0134,Yoga Mat,Sportswear,North,2,999,1958.76
ORD00238,2026-02-11,CUST0049,Sticky Notes Pack,Stationery,South,5,99,480.57
ORD01911,2026-02-11,CUST0173,Yoga Mat,Sportswear,Central,4,999,4097.97
ORD01893,2026-02-11,CUST0148,Bluetooth Speaker,Electronics,South,3,1899,5515.05
ORD02947,2026-02-11,CUST0118,Sticky Notes Pack,Stationery,Central,2,99,190.44
ORD00072,2026-02-12,CUST0136,Yoga Mat,Sportswear,South,1,999,1013.67
ORD02957,2026-02-12,CUST0181,Sunglasses,Accessories,North,1,1299,1343.65
ORD02813,2026-02-12,CUST0171,Office Chair,Furniture,South,1,6499,6814.63
ORD01839,2026-02-12,CUST0057,Water Bottle,Sportswear,West,4,449,1719.73
ORD00039,2026-02-12,CUST0036,Water Bottle,Sportswear,Central,1,449,426.78
ORD02325,2026-02-13,CUST0173,Sticky Notes Pack,Stationery,East,1,99,103.84
ORD01825,2026-02-13,CUST0069,Bluetooth Speaker,Electronics,South,4,1899,7448.68
ORD01352,2026-02-13,CUST0151,Sticky Notes Pack,Stationery,East,1,99,101.55
ORD00739,2026-02-14,CUST0003,Backpack,Accessories,South,1,1999,1962.5
ORD01166,2026-02-14,CUST0043,USB-C Hub,Electronics,Central,3,1299,4055.16
ORD02619,2026-02-14,CUST0192,Water Bottle,Sportswear,West,1,449,428.78
ORD02116,2026-02-14,CUST0184,USB-C Hub,Electronics,Central,2,1299,2662.58
ORD01710,2026-02-14,CUST0020,Whiteboard,Stationery,North,1,1499,1553.68
ORD01449,2026-02-15,CUST0164,Yoga Mat,Sportswear,North,4,999,4140.74
ORD02777,2026-02-15,CUST0145,Yoga Mat,Sportswear,South,4,999,3871.44
ORD02905,2026-02-15,CUST0121,Bluetooth Speaker,Electronics,West,2,1899,3649.93
ORD00961,2026-02-15,CUST0094,Whiteboard,Stationery,East,2,1499,3104.25
ORD02901,2026-02-15,CUST0130,Water Bottle,Sportswear,West,2,449,928.75
ORD02233,2026-02-16,CUST0134,Desk Lamp,Furniture,West,2,899,1867.2
ORD02830,2026-02-16,CUST0119,Sticky Notes Pack,Stationery,West,2,99,192.45
ORD00859,2026-02-16,CUST0117,Wireless Mouse,Electronics,South,1,799,815.07
ORD00374,2026-02-16,CUST0012,Backpack,Accessories,South,4,1999,8216.17
ORD00517,2026-02-16,CUST0200,USB-C Hub,Electronics,North,2,1299,2708.97
ORD01563,2026-02-16,CUST0001,Backpack,Accessories,North,1,1999,1987.62
ORD02699,2026-02-17,CUST0046,Bluetooth Speaker,Electronics,Central,3,1899,5971.34
ORD02863,2026-02-17,CUST0010,Yoga Mat,Sportswear,Central,1,999,953.02
ORD01842,2026-02-17,CUST0152,Notebook Set,Stationery,North,1,199,191.74
ORD01158,2026-02-17,CUST0102,Sticky Notes Pack,Stationery,North,1,99,95.18
ORD00208,2026-02-18,CUST0089,Mechanical Keyboard,Electronics,West,3,2499,7206.95
ORD00168,2026-02-18,CUST0022,Desk Lamp,Furniture,West,3,899,2813.52
ORD00265,2026-02-18,CUST0174,Bluetooth Speaker,Electronics,North,1,1899,1841.55
ORD01417,2026-02-18,CUST0142,Running Shoes,Sportswear,West,2,3499,6664.88
ORD00368,2026-02-18,CUST0003,Sunglasses,Accessories,West,1,1299,1279.36
ORD00812,2026-02-19,CUST0070,Sticky Notes Pack,Stationery,North,1,99,103.27
ORD01700,2026-02-19,CUST0167,Desk Lamp,Furniture,Central,2,899,1717.08
ORD00969,2026-02-19,CUST0138,Standing Desk,Furniture,North,2,12999,27034.27
ORD01505,2026-02-19,CUST0150,Standing Desk,Furniture,East,4,12999,52225.73
ORD00628,2026-02-20,CUST0015,Office Chair,Furniture,Central,3,6499,19821.67
ORD00904,2026-02-20,CUST0088,Backpack,Accessories,Central,1,1999,1950.39
ORD02418,2026-02-20,CUST0139,Standing Desk,Furniture,Central,2,12999,25100.58
ORD02221,2026-02-20,CUST0008,USB-C Hub,Electronics,South,2,1299,2569.17
ORD01732,2026-02-20,CUST0099,Wireless Mouse,Electronics,North,3,799,2493.6
ORD02038,2026-02-21,CUST0085,Backpack,Accessories,North,1,1999,1979.39
ORD01362,2026-02-21,CUST0190,Sunglasses,Accessories,South,1,1299,1242.37
ORD02669,2026-02-22,CUST0066,Standing Desk,Furniture,South,2,12999,24919.73
ORD00427,2026-02-22,CUST0070,Running Shoes,Sportswear,West,1,3499,3373.8
ORD02452,2026-02-23,CUST0126,Backpack,Accessories,South,1,1999,2056.71
ORD01462,2026-02-23,CUST0057,Backpack,Accessories,Central,4,1999,8162.45
ORD00552,2026-02-23,CUST0044,Wireless Mouse,Electronics,Central,2,799,1668.34
ORD01003,2026-02-23,CUST0182,Whiteboard,Stationery,South,1,1499,1516.99
ORD00901,2026-02-23,CUST0081,Office Chair,Furniture,East,2,6499,12711.19
ORD02722,2026-02-23,CUST0134,Mechanical Keyboard,Electronics,East,4,2499,9712.43
ORD01764,2026-02-23,CUST0113,Mechanical Keyboard,Electronics,South,1,2499,2421.43
ORD01621,2026-02-23,CUST0117,Water Bottle,Sportswear,East,2,449,892.61
ORD01288,2026-02-23,CUST0005,Sunglasses,Accessories,North,1,1299,1320.85
ORD02467,2026-02-24,CUST0075,Notebook Set,Stationery,South,1,199,199.3
ORD02896,2026-02-24,CUST0089,USB-C Hub,Electronics,South,3,1299,3765.1
ORD02792,2026-02-24,CUST0078,USB-C Hub,Electronics,West,2,1299,2673.97
ORD01706,2026-02-24,CUST0001,Bluetooth Speaker,Electronics,North,1,1899,1809.46
ORD01027,2026-02-24,CUST0108,USB-C Hub,Electronics,East,2,1299,2620.54
ORD01283,2026-02-24,CUST0047,Standing Desk,Furniture,Central,1,12999,12988.44
ORD02898,2026-02-24,CUST0121,Mechanical Keyboard,Electronics,West,1,2499,2402.9
ORD02137,2026-02-25,CUST0150,Desk Lamp,Furniture,West,3,899,2708.44
ORD02600,2026-02-26,CUST0076,Desk Lamp,Furniture,South,1,899,872.57
ORD01494,2026-02-26,CUST0077,Sunglasses,Accessories,Central,1,1299,1308.14
ORD02632,2026-02-26,CUST0177,USB-C Hub,Electronics,South,2,1299,2489.47
ORD02203,2026-02-26,CUST0060,Standing Desk,Furniture,Central,2,12999,25261.44
ORD01366,2026-02-26,CUST0091,Notebook Set,Stationery,Central,1,199,207.09
ORD00249,2026-02-26,CUST0014,Desk Lamp,Furniture,Central,4,899,3605.17
ORD02573,2026-02-26,CUST0099,Standing Desk,Furniture,North,1,12999,12608.02
ORD01515,2026-02-26,CUST0161,Bluetooth Speaker,Electronics,North,2,1899,3903.37
ORD01165,2026-02-27,CUST0158,Bluetooth Speaker,Electronics,Central,1,1899,1809.02
ORD00874,2026-02-27,CUST0105,Backpack,Accessories,East,3,1999,5851.74
ORD00251,2026-02-27,CUST0181,Office Chair,Furniture,South,1,6499,6330.81
ORD00557,2026-02-27,CUST0108,Yoga Mat,Sportswear,West,3,999,3129.82
ORD00295,2026-02-27,CUST0074,Standing Desk,Furniture,Central,2,12999,26899.92
ORD01461,2026-02-27,CUST0047,Yoga Mat,Sportswear,North,3,999,2990.77
ORD01688,2026-02-27,CUST0186,Bluetooth Speaker,Electronics,West,2,1899,3646.83
ORD02107,2026-02-27,CUST0031,USB-C Hub,Electronics,East,1,1299,1256.25
ORD01964,2026-02-28,CUST0111,Notebook Set,Stationery,North,2,199,408.06
ORD01210,2026-02-28,CUST0058,Wireless Mouse,Electronics,West,3,799,2321.12
ORD01729,2026-02-28,CUST0166,Whiteboard,Stationery,East,2,1499,3124.55
ORD00330,2026-02-28,CUST0049,Backpack,Accessories,North,2,1999,4004.63
ORD00095,2026-03-01,CUST0109,Office Chair,Furniture,Central,2,6499,12810.95
ORD00632,2026-03-01,CUST0110,Standing Desk,Furniture,North,2,12999,27157.44
ORD02386,2026-03-01,CUST0065,Sunglasses,Accessories,West,2,1299,2609.17
ORD01412,2026-03-02,CUST0194,USB-C Hub,Electronics,West,2,1299,2641.63
ORD01827,2026-03-02,CUST0191,Notebook Set,Stationery,East,1,199,194.96
ORD01377,2026-03-02,CUST0094,USB-C Hub,Electronics,North,2,1299,2511.52
ORD00465,2026-03-02,CUST0141,Desk Lamp,Furniture,West,5,899,4573.05
ORD02336,2026-03-02,CUST0067,Sticky Notes Pack,Stationery,North,1,99,99.72
ORD01400,2026-03-02,CUST0149,Bluetooth Speaker,Electronics,East,4,1899,7740.86
ORD01002,2026-03-02,CUST0073,Whiteboard,Stationery,West,2,1499,2939.96
ORD00616,2026-03-03,CUST0178,Standing Desk,Furniture,North,1,12999,13067.07
ORD02068,2026-03-03,CUST0058,Office Chair,Furniture,North,3,6499,19004.81
ORD02004,2026-03-03,CUST0141,Mechanical Keyboard,Electronics,West,5,2499,12431.88
ORD00407,2026-03-03,CUST0171,Desk Lamp,Furniture,Central,7,899,6325.72
ORD00634,2026-03-03,CUST0146,Whiteboard,Stationery,East,1,1499,1507.2
ORD02489,2026-03-04,CUST0062,Sticky Notes Pack,Stationery,North,6,99,597.23
ORD02680,2026-03-04,CUST0139,Whiteboard,Stationery,Central,2,1499,3067.93
ORD00378,2026-03-04,CUST0165,Bluetooth Speaker,Electronics,North,4,1899,7948.51
ORD01750,2026-03-04,CUST0114,Sunglasses,Accessories,South,2,1299,2532.04
ORD02122,2026-03-05,CUST0034,Office Chair,Furniture,East,2,6499,13448.49
ORD02214,2026-03-05,CUST0167,Yoga Mat,Sportswear,Central,2,999,2032.67
ORD00153,2026-03-05,CUST0181,Backpack,Accessories,North,3,1999,5863.43
ORD00239,2026-03-05,CUST0014,USB-C Hub,Electronics,North,3,1299,3784.76
ORD00872,2026-03-05,CUST0076,Wireless Mouse,Electronics,West,1,799,833.88
ORD00848,2026-03-06,CUST0055,Bluetooth Speaker,Electronics,North,1,1899,1991.32
ORD02319,2026-03-06,CUST0158,Notebook Set,Stationery,West,3,199,607.76
ORD02775,2026-03-06,CUST0063,Yoga Mat,Sportswear,Central,2,999,1927.78
ORD02935,2026-03-06,CUST0085,Running Shoes,Sportswear,East,1,3499,3484.58
ORD02920,2026-03-06,CUST0068,Wireless Mouse,Electronics,Central,2,799,1660.45
ORD00336,2026-03-07,CUST0146,Desk Lamp,Furniture,South,1,899,932.41
ORD00118,2026-03-07,CUST0035,Whiteboard,Stationery,West,2,1499,3029.1
ORD00687,2026-03-07,CUST0020,Yoga Mat,Sportswear,East,1,999,950.88
ORD01063,2026-03-07,CUST0081,Sticky Notes Pack,Stationery,Central,3,99,294.93
ORD02939,2026-03-08,CUST0003,Mechanical Keyboard,Electronics,North,3,2499,7766.27
ORD00820,2026-03-08,CUST0091,Standing Desk,Furniture,Central,2,12999,25436.59
ORD00226,2026-03-08,CUST0185,Office Chair,Furniture,North,3,6499,19284.3
ORD02456,2026-03-08,CUST0046,Office Chair,Furniture,Central,1,6499,6418.73
ORD00323,2026-03-08,CUST0149,Backpack,Accessories,Central,1,1999,2056.8
ORD01914,2026-03-08,CUST0099,Sticky Notes Pack,Stationery,South,2,99,207.08
ORD01330,2026-03-08,CUST0096,Yoga Mat,Sportswear,Central,2,999,1965.63
ORD02556,2026-03-08,CUST0011,Mechanical Keyboard,Electronics,South,2,2499,4754.59
ORD02597,2026-03-09,CUST0013,Wireless Mouse,Electronics,West,2,799,1648.71
ORD01162,2026-03-09,CUST0055,Wireless Mouse,Electronics,East,1,799,808.98
ORD00755,2026-03-09,CUST0126,Running Shoes,Sportswear,East,2,3499,7132.17
ORD00894,2026-03-09,CUST0101,Desk Lamp,Furniture,Central,2,899,1759.28
ORD00493,2026-03-09,CUST0186,Bluetooth Speaker,Electronics,East,1,1899,1963.02
ORD02188,2026-03-09,CUST0024,Wireless Mouse,Electronics,East,3,799,2284.85
ORD01689,2026-03-10,CUST0045,Whiteboard,Stationery,West,4,1499,6130.39
ORD02217,2026-03-10,CUST0105,Desk Lamp,Furniture,North,1,899,868.19
ORD01675,2026-03-10,CUST0142,Water Bottle,Sportswear,West,1,449,450.01
ORD00396,2026-03-10,CUST0059,Running Shoes,Sportswear,South,1,3499,3452.0
ORD01306,2026-03-10,CUST0050,USB-C Hub,Electronics,South,3,1299,3759.73
ORD02553,2026-03-10,CUST0084,Whiteboard,Stationery,North,2,1499,3119.8
ORD02443,2026-03-11,CUST0041,Whiteboard,Stationery,South,3,1499,4431.3
ORD02383,2026-03-11,CUST0100,Whiteboard,Stationery,West,2,1499,3121.12
ORD00258,2026-03-11,CUST0148,Notebook Set,Stationery,Central,1,199,189.76
ORD00735,2026-03-11,CUST0030,Mechanical Keyboard,Electronics,West,2,2499,5056.59
ORD02479,2026-03-12,CUST0161,Mechanical Keyboard,Electronics,West,1,2499,2543.62
ORD02190,2026-03-12,CUST0010,Notebook Set,Stationery,East,1,199,201.9
ORD00242,2026-03-12,CUST0196,USB-C Hub,Electronics,North,3,1299,3888.52
ORD02961,2026-03-12,CUST0100,Backpack,Accessories,North,2,1999,4006.23
ORD00254,2026-03-12,CUST0060,Water Bottle,Sportswear,Central,5,449,2287.24
ORD02592,2026-03-12,CUST0144,Standing Desk,Furniture,Central,2,12999,25276.7
ORD01572,2026-03-13,CUST0104,Water Bottle,Sportswear,Central,3,449,1334.59
ORD01488,2026-03-13,CUST0108,Sunglasses,Accessories,North,4,1299,5180.67
ORD01113,2026-03-13,CUST0076,Sunglasses,Accessories,North,3,1299,3950.99
ORD00078,2026-03-13,CUST0051,Desk Lamp,Furniture,Central,4,899,3462.65
ORD00889,2026-03-13,CUST0055,Water Bottle,Sportswear,North,1,449,439.4
ORD00975,2026-03-14,CUST0065,Sticky Notes Pack,Stationery,North,1,99,96.63
ORD00545,2026-03-14,CUST0031,Yoga Mat,Sportswear,West,3,999,2951.3
ORD02412,2026-03-14,CUST0035,Yoga Mat,Sportswear,South,4,999,4049.67
ORD00501,2026-03-14,CUST0148,Sticky Notes Pack,Stationery,Central,1,99,99.93
ORD01483,2026-03-14,CUST0196,Notebook Set,Stationery,Central,5,199,1030.62
ORD00033,2026-03-14,CUST0061,Notebook Set,Stationery,East,4,199,771.74
ORD01889,2026-03-14,CUST0047,Yoga Mat,Sportswear,West,1,999,977.28
ORD00638,2026-03-15,CUST0193,Running Shoes,Sportswear,East,4,3499,13981.82
ORD01580,2026-03-15,CUST0192,Running Shoes,Sportswear,West,1,3499,3576.76
ORD02538,2026-03-15,CUST0115,Notebook Set,Stationery,North,3,199,584.79
ORD02716,2026-03-15,CUST0195,Running Shoes,Sportswear,West,3,3499,10550.34
ORD00546,2026-03-15,CUST0182,Standing Desk,Furniture,South,2,12999,26199.83
ORD01531,2026-03-15,CUST0050,Notebook Set,Stationery,North,2,199,398.96
ORD00665,2026-03-15,CUST0028,Wireless Mouse,Electronics,East,2,799,1567.01
ORD00442,2026-03-15,CUST0148,Desk Lamp,Furniture,West,2,899,1785.48
ORD00833,2026-03-15,CUST0107,Whiteboard,Stationery,Central,2,1499,2975.06
ORD01474,2026-03-15,CUST0002,Desk Lamp,Furniture,South,1,899,859.16
ORD02277,2026-03-15,CUST0179,Notebook Set,Stationery,North,5,199,991.23
ORD00639,2026-03-16,CUST0033,Standing Desk,Furniture,East,2,12999,26600.02
ORD01115,2026-03-16,CUST0091,Yoga Mat,Sportswear,West,1,999,960.31
ORD02229,2026-03-16,CUST0180,Wireless Mouse,Electronics,Central,4,799,3257.28
ORD00346,2026-03-16,CUST0193,Yoga Mat,Sportswear,West,1,999,1037.97
ORD00799,2026-03-17,CUST0145,Mechanical Keyboard,Electronics,Central,1,2499,2407.36
ORD02422,2026-03-17,CUST0017,Office Chair,Furniture,Central,5,6499,32662.93
ORD02131,2026-03-17,CUST0112,Whiteboard,Stationery,South,4,1499,6004.37
ORD02871,2026-03-17,CUST0100,Backpack,Accessories,Central,4,1999,7906.64
ORD02416,2026-03-17,CUST0150,Sticky Notes Pack,Stationery,South,4,99,408.5
ORD01951,2026-03-18,CUST0023,Bluetooth Speaker,Electronics,South,3,1899,5871.32
ORD00135,2026-03-18,CUST0146,Water Bottle,Sportswear,Central,1,449,427.38
ORD01953,2026-03-19,CUST0194,Water Bottle,Sportswear,South,1,449,454.7
ORD02099,2026-03-19,CUST0168,Bluetooth Speaker,Electronics,Central,1,1899,1929.55
ORD01836,2026-03-19,CUST0075,Wireless Mouse,Electronics,Central,2,799,1543.95
ORD01737,2026-03-19,CUST0169,Wireless Mouse,Electronics,West,2,799,1537.24
ORD01771,2026-03-20,CUST0054,Mechanical Keyboard,Electronics,West,2,2499,4841.04
ORD02753,2026-03-20,CUST0026,Desk Lamp,Furniture,East,4,899,3456.3
ORD01909,2026-03-20,CUST0092,Mechanical Keyboard,Electronics,Central,6,2499,14498.69
ORD01843,2026-03-20,CUST0073,Yoga Mat,Sportswear,North,3,999,2876.09
ORD00635,2026-03-20,CUST0068,Sunglasses,Accessories,North,3,1299,3864.05
ORD00917,2026-03-20,CUST0033,Wireless Mouse,Electronics,Central,3,799,2459.85
ORD00642,2026-03-20,CUST0085,Water Bottle,Sportswear,South,1,449,433.68
ORD00043,2026-03-20,CUST0196,Office Chair,Furniture,Central,2,6499,13157.73
ORD00936,2026-03-20,CUST0176,Yoga Mat,Sportswear,West,1,999,980.12
ORD00999,2026-03-21,CUST0112,Standing Desk,Furniture,North,1,12999,12643.81
ORD02998,2026-03-21,CUST0150,Sunglasses,Accessories,North,1,1299,1293.77
ORD02451,2026-03-21,CUST0112,Sticky Notes Pack,Stationery,West,3,99,292.01
ORD00849,2026-03-21,CUST0047,Standing Desk,Furniture,South,1,12999,12505.53
ORD02244,2026-03-22,CUST0074,Sticky Notes Pack,Stationery,West,4,99,409.65
ORD00988,2026-03-22,CUST0127,Standing Desk,Furniture,South,2,12999,24737.16
ORD00233,2026-03-22,CUST0003,Backpack,Accessories,Central,2,1999,4063.93
ORD01694,2026-03-22,CUST0167,Bluetooth Speaker,Electronics,Central,2,1899,3616.94
ORD01339,2026-03-22,CUST0113,Whiteboard,Stationery,South,1,1499,1549.09
ORD00766,2026-03-22,CUST0071,Water Bottle,Sportswear,South,3,449,1402.07
ORD01536,2026-03-22,CUST0111,Wireless Mouse,Electronics,West,1,799,801.54
ORD01593,2026-03-22,CUST0088,Sticky Notes Pack,Stationery,West,1,99,102.31
ORD00079,2026-03-22,CUST0162,Wireless Mouse,Electronics,East,3,799,2438.13
ORD00559,2026-03-23,CUST0133,USB-C Hub,Electronics,East,3,1299,3793.3
ORD02799,2026-03-23,CUST0105,Standing Desk,Furniture,South,3,12999,40547.08
ORD01751,2026-03-23,CUST0198,Whiteboard,Stationery,North,1,1499,1553.05
ORD01287,2026-03-23,CUST0047,Sticky Notes Pack,Stationery,Central,2,99,196.73
ORD02761,2026-03-23,CUST0050,Yoga Mat,Sportswear,South,2,999,2060.78
ORD02387,2026-03-23,CUST0065,Backpack,Accessories,South,3,1999,5705.22
ORD00810,2026-03-23,CUST0084,USB-C Hub,Electronics,East,2,1299,2663.42
ORD01329,2026-03-23,CUST0152,Mechanical Keyboard,Electronics,South,2,2499,5078.03
ORD02742,2026-03-24,CUST0110,Bluetooth Speaker,Electronics,East,6,1899,11838.37
ORD02765,2026-03-24,CUST0173,Desk Lamp,Furniture,Central,1,899,890.82
ORD02542,2026-03-24,CUST0084,Bluetooth Speaker,Electronics,North,2,1899,3610.57
ORD00817,2026-03-24,CUST0031,Notebook Set,Stationery,South,1,199,205.84
ORD02018,2026-03-25,CUST0160,Sticky Notes Pack,Stationery,East,1,99,95.07
ORD00257,2026-03-25,CUST0043,Desk Lamp,Furniture,North,1,899,861.67
ORD02282,2026-03-25,CUST0004,Notebook Set,Stationery,West,2,199,379.77
ORD01077,2026-03-25,CUST0189,Yoga Mat,Sportswear,East,3,999,2994.98
ORD00827,2026-03-25,CUST0016,Notebook Set,Stationery,East,1,199,199.01
ORD02635,2026-03-26,CUST0134,Running Shoes,Sportswear,West,2,3499,6997.13
ORD02841,2026-03-26,CUST0162,Notebook Set,Stationery,North,1,199,194.13
ORD02675,2026-03-26,CUST0045,Standing Desk,Furniture,North,5,12999,61942.04
ORD02937,2026-03-26,CUST0018,Whiteboard,Stationery,East,3,1499,4292.57
ORD01604,2026-03-26,CUST0166,Sunglasses,Accessories,West,2,1299,2705.26
ORD02406,2026-03-27,CUST0051,Wireless Mouse,Electronics,East,2,799,1577.61
ORD00631,2026-03-27,CUST0071,Water Bottle,Sportswear,South,3,449,1314.42
ORD02902,2026-03-28,CUST0093,Bluetooth Speaker,Electronics,West,2,1899,3957.59
ORD00980,2026-03-28,CUST0048,Whiteboard,Stationery,Central,3,1499,4458.82
ORD00129,2026-03-28,CUST0007,Bluetooth Speaker,Electronics,South,2,1899,3948.53
ORD00592,2026-03-28,CUST0144,Office Chair,Furniture,North,2,6499,13295.37
ORD02975,2026-03-28,CUST0062,Standing Desk,Furniture,Central,1,12999,13381.09
ORD02653,2026-03-28,CUST0105,USB-C Hub,Electronics,Central,2,1299,2551.39
ORD02889,2026-03-28,CUST0142,Water Bottle,Sportswear,East,3,449,1406.67
ORD01582,2026-03-28,CUST0003,Whiteboard,Stationery,Central,3,1499,4326.84
ORD00695,2026-03-28,CUST0010,Backpack,Accessories,South,1,1999,2037.23
ORD01811,2026-03-29,CUST0059,Sunglasses,Accessories,South,2,1299,2633.76
ORD00028,2026-03-29,CUST0131,Office Chair,Furniture,West,2,6499,13258.43
ORD01391,2026-03-29,CUST0082,Wireless Mouse,Electronics,West,3,799,2400.99
ORD02050,2026-03-29,CUST0057,Whiteboard,Stationery,North,1,1499,1452.65
ORD01999,2026-03-30,CUST0059,Desk Lamp,Furniture,West,4,899,3753.12
ORD01192,2026-03-30,CUST0178,Sunglasses,Accessories,Central,2,1299,2530.87
ORD02420,2026-03-30,CUST0198,Wireless Mouse,Electronics,North,2,799,1561.39
ORD02146,2026-03-30,CUST0098,Backpack,Accessories,Central,5,1999,9561.47
ORD00964,2026-03-30,CUST0134,Bluetooth Speaker,Electronics,South,4,1899,7243.8
ORD00007,2026-03-31,CUST0164,Yoga Mat,Sportswear,South,1,999,1039.89
ORD01123,2026-03-31,CUST0075,Bluetooth Speaker,Electronics,East,2,1899,3899.82
ORD00060,2026-03-31,CUST0123,Yoga Mat,Sportswear,Central,5,999,4909.42
ORD00138,2026-03-31,CUST0054,Sticky Notes Pack,Stationery,East,3,99,283.54
ORD02715,2026-03-31,CUST0030,Whiteboard,Stationery,South,2,1499,2911.7
ORD00954,2026-03-31,CUST0115,Whiteboard,Stationery,South,1,1499,1507.86
ORD00383,2026-03-31,CUST0130,Whiteboard,Stationery,North,1,1499,1486.38
ORD00949,2026-03-31,CUST0130,Running Shoes,Sportswear,North,1,3499,3619.83
ORD02276,2026-04-01,CUST0187,Notebook Set,Stationery,West,1,199,201.77
ORD02694,2026-04-01,CUST0073,USB-C Hub,Electronics,North,3,1299,3847.42
ORD00816,2026-04-01,CUST0191,Notebook Set,Stationery,Central,2,199,388.22
ORD02782,2026-04-01,CUST0012,Yoga Mat,Sportswear,North,2,999,2052.18
ORD01004,2026-04-01,CUST0168,Running Shoes,Sportswear,South,1,3499,3390.92
ORD01662,2026-04-01,CUST0159,Yoga Mat,Sportswear,South,1,999,960.09
ORD00310,2026-04-02,CUST0156,Office Chair,Furniture,South,3,6499,18998.54
ORD01265,2026-04-02,CUST0149,Whiteboard,Stationery,East,3,1499,4455.51
ORD01763,2026-04-02,CUST0026,Backpack,Accessories,Central,3,1999,6035.65
ORD01974,2026-04-02,CUST0141,Desk Lamp,Furniture,North,3,899,2584.59
ORD01667,2026-04-03,CUST0087,Sunglasses,Accessories,West,3,1299,3987.81
ORD02186,2026-04-03,CUST0016,Yoga Mat,Sportswear,Central,2,999,2070.43
ORD00492,2026-04-04,CUST0035,Running Shoes,Sportswear,South,2,3499,6704.24
ORD01587,2026-04-04,CUST0118,Notebook Set,Stationery,West,1,199,191.13
ORD00172,2026-04-04,CUST0029,Sticky Notes Pack,Stationery,West,1,99,95.62
ORD00115,2026-04-05,CUST0122,Yoga Mat,Sportswear,North,4,999,4026.48
ORD01749,2026-04-05,CUST0187,Running Shoes,Sportswear,Central,1,3499,3530.18
ORD02024,2026-04-05,CUST0107,Running Shoes,Sportswear,Central,2,3499,7106.09
ORD00236,2026-04-05,CUST0151,Standing Desk,Furniture,South,1,12999,12501.98
ORD00077,2026-04-06,CUST0006,Wireless Mouse,Electronics,West,2,799,1527.11
ORD01446,2026-04-06,CUST0033,Desk Lamp,Furniture,South,1,899,887.51
ORD00269,2026-04-06,CUST0157,Standing Desk,Furniture,West,3,12999,39250.57
ORD01523,2026-04-06,CUST0036,Water Bottle,Sportswear,Central,1,449,439.81
ORD02155,2026-04-06,CUST0188,Sticky Notes Pack,Stationery,West,2,99,197.1
ORD02856,2026-04-06,CUST0130,Running Shoes,Sportswear,North,3,3499,10054.43
ORD02780,2026-04-07,CUST0129,Mechanical Keyboard,Electronics,Central,4,2499,9731.6
ORD01980,2026-04-07,CUST0007,Standing Desk,Furniture,West,2,12999,27178.04
ORD02559,2026-04-07,CUST0079,Sticky Notes Pack,Stationery,South,1,99,94.71
ORD01664,2026-04-07,CUST0154,Wireless Mouse,Electronics,West,3,799,2468.48
ORD02934,2026-04-07,CUST0153,Mechanical Keyboard,Electronics,East,2,2499,5189.92
ORD01342,2026-04-07,CUST0042,USB-C Hub,Electronics,North,1,1299,1298.55
ORD01436,2026-04-07,CUST0142,Whiteboard,Stationery,South,5,1499,7205.02
ORD01163,2026-04-08,CUST0194,Sunglasses,Accessories,West,1,1299,1350.15
ORD01357,2026-04-08,CUST0133,Notebook Set,Stationery,Central,1,199,194.95
ORD00786,2026-04-08,CUST0119,Backpack,Accessories,South,3,1999,6206.86
ORD00895,2026-04-08,CUST0015,Water Bottle,Sportswear,West,1,449,427.36
ORD01997,2026-04-08,CUST0159,Whiteboard,Stationery,North,3,1499,4484.68
ORD01800,2026-04-08,CUST0072,Mechanical Keyboard,Electronics,West,2,2499,5041.67
ORD01082,2026-04-09,CUST0107,USB-C Hub,Electronics,North,1,1299,1236.44
ORD01252,2026-04-09,CUST0105,Sunglasses,Accessories,Central,1,1299,1267.43
ORD00669,2026-04-09,CUST0123,Standing Desk,Furniture,East,1,12999,12601.93
ORD01200,2026-04-09,CUST0134,Notebook Set,Stationery,East,2,199,380.72
ORD01403,2026-04-09,CUST0058,Standing Desk,Furniture,West,1,12999,12548.48
ORD02650,2026-04-09,CUST0124,Office Chair,Furniture,West,1,6499,6665.12
ORD00504,2026-04-10,CUST0053,Sunglasses,Accessories,West,4,1299,5116.76
ORD02078,2026-04-10,CUST0195,Water Bottle,Sportswear,South,3,449,1352.31
ORD01394,2026-04-10,CUST0103,Standing Desk,Furniture,East,1,12999,13142.5
ORD02243,2026-04-10,CUST0013,Notebook Set,Stationery,East,1,199,200.05
ORD00320,2026-04-10,CUST0052,Backpack,Accessories,North,1,1999,2012.43
ORD01701,2026-04-11,CUST0075,Wireless Mouse,Electronics,North,2,799,1663.64
ORD00645,2026-04-11,CUST0050,Notebook Set,Stationery,West,1,199,196.11
ORD01042,2026-04-11,CUST0109,Desk Lamp,Furniture,North,4,899,3746.23
ORD01227,2026-04-11,CUST0167,USB-C Hub,Electronics,East,2,1299,2598.06
ORD01906,2026-04-11,CUST0108,Standing Desk,Furniture,West,5,12999,62019.98
ORD00884,2026-04-11,CUST0073,Desk Lamp,Furniture,North,1,899,903.87
ORD01416,2026-04-12,CUST0130,USB-C Hub,Electronics,West,3,1299,3867.77
ORD01137,2026-04-12,CUST0060,Office Chair,Furniture,East,4,6499,26981.78
ORD00245,2026-04-12,CUST0010,Sunglasses,Accessories,North,1,1299,1335.47
ORD00141,2026-04-12,CUST0194,USB-C Hub,Electronics,Central,3,1299,3945.06
ORD01877,2026-04-12,CUST0012,Whiteboard,Stationery,North,4,1499,5983.1
ORD01665,2026-04-13,CUST0194,Wireless Mouse,Electronics,South,2,799,1656.88
ORD00304,2026-04-13,CUST0161,Standing Desk,Furniture,West,4,12999,54510.12
ORD01615,2026-04-13,CUST0108,Yoga Mat,Sportswear,Central,5,999,5101.41
ORD02872,2026-04-13,CUST0007,Yoga Mat,Sportswear,South,1,999,951.48
ORD02309,2026-04-14,CUST0047,Notebook Set,Stationery,East,3,199,596.0
ORD01960,2026-04-14,CUST0150,Standing Desk,Furniture,North,1,12999,12988.14
ORD02688,2026-04-14,CUST0021,Sticky Notes Pack,Stationery,South,1,99,101.24
ORD02471,2026-04-14,CUST0172,Mechanical Keyboard,Electronics,South,2,2499,4930.61
ORD01485,2026-04-14,CUST0140,Yoga Mat,Sportswear,East,2,999,1989.08
ORD00276,2026-04-14,CUST0004,Standing Desk,Furniture,West,1,12999,13154.45
ORD00907,2026-04-15,CUST0028,Sticky Notes Pack,Stationery,East,1,99,103.43
ORD02554,2026-04-16,CUST0171,Sunglasses,Accessories,Central,4,1299,5228.26
ORD00395,2026-04-16,CUST0137,Yoga Mat,Sportswear,Central,1,999,1044.73
ORD00379,2026-04-16,CUST0013,Sticky Notes Pack,Stationery,Central,4,99,386.27
ORD00041,2026-04-16,CUST0086,Sunglasses,Accessories,East,1,1299,1309.17
ORD01090,2026-04-16,CUST0026,Office Chair,Furniture,North,1,6499,6715.79
ORD00574,2026-04-16,CUST0022,Mechanical Keyboard,Electronics,West,1,2499,2438.98
ORD02270,2026-04-16,CUST0003,Running Shoes,Sportswear,East,2,3499,7274.63
ORD00683,2026-04-17,CUST0113,Notebook Set,Stationery,Central,1,199,198.05
ORD01054,2026-04-17,CUST0038,Mechanical Keyboard,Electronics,North,1,2499,2501.28
ORD02673,2026-04-17,CUST0057,Running Shoes,Sportswear,Central,2,3499,6867.67
ORD00724,2026-04-17,CUST0122,Water Bottle,Sportswear,North,5,449,2144.61
ORD02645,2026-04-17,CUST0145,Water Bottle,Sportswear,North,2,449,936.26
ORD00012,2026-04-17,CUST0041,Sunglasses,Accessories,West,4,1299,5122.46
ORD02073,2026-04-17,CUST0090,Desk Lamp,Furniture,South,2,899,1731.22
ORD01079,2026-04-17,CUST0054,USB-C Hub,Electronics,South,1,1299,1322.83
ORD01353,2026-04-17,CUST0155,Running Shoes,Sportswear,Central,1,3499,3442.54
ORD01106,2026-04-17,CUST0183,Backpack,Accessories,Central,1,1999,2043.1
ORD00792,2026-04-18,CUST0141,Notebook Set,Stationery,East,1,199,203.91
ORD01787,2026-04-18,CUST0093,USB-C Hub,Electronics,East,1,1299,1261.61
ORD02606,2026-04-18,CUST0020,Sticky Notes Pack,Stationery,Central,2,99,192.8
ORD01901,2026-04-18,CUST0021,Sticky Notes Pack,Stationery,North,3,99,294.47
ORD01117,2026-04-18,CUST0118,Water Bottle,Sportswear,West,2,449,867.89
ORD02185,2026-04-18,CUST0102,Wireless Mouse,Electronics,East,2,799,1605.49
ORD01267,2026-04-19,CUST0008,Sticky Notes Pack,Stationery,South,3,99,296.94
ORD01780,2026-04-19,CUST0055,Running Shoes,Sportswear,North,1,3499,3535.92
ORD00522,2026-04-19,CUST0145,Sunglasses,Accessories,Central,4,1299,5189.38
ORD01502,2026-04-19,CUST0028,Sticky Notes Pack,Stationery,South,4,99,395.87
ORD00568,2026-04-19,CUST0063,Running Shoes,Sportswear,West,3,3499,10510.84
ORD01401,2026-04-19,CUST0055,Wireless Mouse,Electronics,South,3,799,2486.12
ORD00440,2026-04-19,CUST0010,Bluetooth Speaker,Electronics,South,2,1899,3708.47
ORD02531,2026-04-19,CUST0146,Wireless Mouse,Electronics,South,1,799,825.81
ORD01908,2026-04-19,CUST0088,Office Chair,Furniture,South,4,6499,25745.74
ORD03000,2026-04-20,CUST0009,Sticky Notes Pack,Stationery,South,1,99,98.83
ORD02230,2026-04-20,CUST0186,Whiteboard,Stationery,South,4,1499,6024.47
ORD00004,2026-04-20,CUST0015,Running Shoes,Sportswear,East,1,3499,3664.77
ORD00601,2026-04-20,CUST0141,Yoga Mat,Sportswear,Central,5,999,5054.53
ORD02394,2026-04-20,CUST0033,Standing Desk,Furniture,Central,1,12999,13150.88
ORD01503,2026-04-20,CUST0092,Bluetooth Speaker,Electronics,South,1,1899,1918.7
ORD00956,2026-04-20,CUST0154,Wireless Mouse,Electronics,Central,1,799,819.37
ORD01109,2026-04-20,CUST0027,Yoga Mat,Sportswear,North,4,999,3796.71
ORD02708,2026-04-21,CUST0041,Backpack,Accessories,East,1,1999,2039.4
ORD01881,2026-04-21,CUST0072,Yoga Mat,Sportswear,South,4,999,3914.52
ORD00595,2026-04-21,CUST0141,USB-C Hub,Electronics,East,1,1299,1339.95
ORD00309,2026-04-22,CUST0175,Whiteboard,Stationery,West,3,1499,4484.03
ORD00692,2026-04-22,CUST0021,Standing Desk,Furniture,Central,1,12999,13591.04
ORD02603,2026-04-22,CUST0089,Bluetooth Speaker,Electronics,West,1,1899,1834.23
ORD00728,2026-04-22,CUST0149,Sticky Notes Pack,Stationery,West,2,99,193.58
ORD02728,2026-04-22,CUST0169,Sunglasses,Accessories,East,4,1299,5037.86
ORD01127,2026-04-23,CUST0077,USB-C Hub,Electronics,West,1,1299,1246.0
ORD00110,2026-04-23,CUST0066,Desk Lamp,Furniture,South,5,899,4362.19
ORD00826,2026-04-23,CUST0192,Whiteboard,Stationery,West,1,1499,1450.42
ORD01879,2026-04-23,CUST0136,Running Shoes,Sportswear,Central,5,3499,18112.77
ORD01549,2026-04-23,CUST0030,Standing Desk,Furniture,West,3,12999,37116.85
ORD02162,2026-04-23,CUST0184,Backpack,Accessories,North,2,1999,3933.47
ORD01164,2026-04-23,CUST0024,Running Shoes,Sportswear,West,1,3499,3631.57
ORD01304,2026-04-23,CUST0191,Mechanical Keyboard,Electronics,North,2,2499,5047.26
ORD02731,2026-04-24,CUST0067,Bluetooth Speaker,Electronics,Central,2,1899,3949.86
ORD00900,2026-04-25,CUST0121,Mechanical Keyboard,Electronics,East,2,2499,4973.04
ORD00488,2026-04-25,CUST0165,Desk Lamp,Furniture,Central,4,899,3494.32
ORD01044,2026-04-25,CUST0097,Whiteboard,Stationery,West,2,1499,2980.92
ORD02002,2026-04-25,CUST0061,Sunglasses,Accessories,East,2,1299,2493.99
ORD01140,2026-04-26,CUST0077,Sunglasses,Accessories,West,1,1299,1362.18
ORD01160,2026-04-26,CUST0183,Bluetooth Speaker,Electronics,East,3,1899,5561.7
ORD02197,2026-04-26,CUST0183,Desk Lamp,Furniture,South,2,899,1713.14
ORD00528,2026-04-26,CUST0192,Sticky Notes Pack,Stationery,East,4,99,376.96
ORD02268,2026-04-26,CUST0135,USB-C Hub,Electronics,West,4,1299,5320.32
ORD00651,2026-04-27,CUST0073,Whiteboard,Stationery,North,3,1499,4405.15
ORD01276,2026-04-27,CUST0165,Sticky Notes Pack,Stationery,North,3,99,283.09
ORD02318,2026-04-27,CUST0037,Running Shoes,Sportswear,East,1,3499,3381.24
ORD00679,2026-04-27,CUST0197,Backpack,Accessories,South,4,1999,7639.96
ORD02269,2026-04-27,CUST0195,Office Chair,Furniture,North,2,6499,12505.64
ORD02884,2026-04-28,CUST0025,Office Chair,Furniture,North,2,6499,13578.37
ORD01312,2026-04-28,CUST0062,Backpack,Accessories,Central,5,1999,10071.92
ORD02470,2026-04-28,CUST0073,Wireless Mouse,Electronics,South,2,799,1578.03
ORD02067,2026-04-28,CUST0038,Standing Desk,Furniture,East,2,12999,26024.59
ORD02047,2026-04-28,CUST0078,Mechanical Keyboard,Electronics,East,4,2499,9704.86
ORD02222,2026-04-28,CUST0121,Sticky Notes Pack,Stationery,South,8,99,757.61
ORD00061,2026-04-29,CUST0167,Office Chair,Furniture,South,2,6499,12990.75
ORD01635,2026-04-29,CUST0176,Office Chair,Furniture,South,2,6499,12656.95
ORD02759,2026-04-29,CUST0032,Standing Desk,Furniture,East,1,12999,13007.4
ORD01482,2026-04-29,CUST0084,Yoga Mat,Sportswear,South,1,999,960.96
ORD02123,2026-04-29,CUST0001,Backpack,Accessories,South,1,1999,2012.02
ORD00169,2026-04-29,CUST0118,Mechanical Keyboard,Electronics,North,2,2499,5102.24
ORD00303,2026-04-30,CUST0042,Office Chair,Furniture,West,2,6499,13513.97
ORD02567,2026-04-30,CUST0094,Water Bottle,Sportswear,West,1,449,458.01
ORD00741,2026-04-30,CUST0088,Standing Desk,Furniture,West,1,12999,12861.33
ORD02148,2026-04-30,CUST0194,Notebook Set,Stationery,North,6,199,1153.47
ORD02091,2026-04-30,CUST0090,Whiteboard,Stationery,South,4,1499,5725.49
ORD00507,2026-04-30,CUST0110,Bluetooth Speaker,Electronics,Central,4,1899,7822.58
ORD01132,2026-04-30,CUST0025,Notebook Set,Stationery,West,2,199,401.96
ORD02787,2026-04-30,CUST0025,Bluetooth Speaker,Electronics,Central,2,1899,3627.46
ORD01126,2026-04-30,CUST0175,Backpack,Accessories,West,2,1999,3810.52
ORD00768,2026-05-01,CUST0057,Standing Desk,Furniture,Central,2,12999,25541.29
ORD01760,2026-05-01,CUST0034,Running Shoes,Sportswear,Central,2,3499,6792.85
ORD01075,2026-05-01,CUST0154,Standing Desk,Furniture,North,4,12999,50239.42
ORD02307,2026-05-01,CUST0054,Yoga Mat,Sportswear,West,1,999,976.35
ORD02981,2026-05-01,CUST0192,Whiteboard,Stationery,East,2,1499,3118.96
ORD01611,2026-05-02,CUST0013,Sticky Notes Pack,Stationery,South,2,99,205.76
ORD00714,2026-05-02,CUST0078,Yoga Mat,Sportswear,North,3,999,2880.97
ORD00048,2026-05-03,CUST0195,Water Bottle,Sportswear,West,3,449,1362.05
ORD02115,2026-05-03,CUST0005,Mechanical Keyboard,Electronics,North,1,2499,2552.9
ORD00263,2026-05-03,CUST0168,Mechanical Keyboard,Electronics,South,5,2499,12292.92
ORD01565,2026-05-04,CUST0014,Standing Desk,Furniture,North,1,12999,12664.38
ORD02843,2026-05-04,CUST0172,Standing Desk,Furniture,Central,2,12999,24838.26
ORD02810,2026-05-04,CUST0075,Backpack,Accessories,East,3,1999,5995.64
ORD00026,2026-05-04,CUST0178,Wireless Mouse,Electronics,South,3,799,2453.38
ORD02126,2026-05-04,CUST0157,Notebook Set,Stationery,West,2,199,413.27
ORD02007,2026-05-04,CUST0069,Mechanical Keyboard,Electronics,West,3,2499,7566.31
ORD00614,2026-05-05,CUST0135,Desk Lamp,Furniture,Central,2,899,1793.94
ORD01067,2026-05-05,CUST0061,Sticky Notes Pack,Stationery,North,5,99,484.75
ORD02952,2026-05-05,CUST0127,Office Chair,Furniture,Central,1,6499,6708.69
ORD00854,2026-05-06,CUST0111,Sunglasses,Accessories,North,1,1299,1348.62
ORD01850,2026-05-06,CUST0029,Water Bottle,Sportswear,South,1,449,465.27
ORD00644,2026-05-06,CUST0151,Mechanical Keyboard,Electronics,East,1,2499,2491.94
ORD01149,2026-05-06,CUST0184,Running Shoes,Sportswear,West,1,3499,3329.13
ORD02586,2026-05-06,CUST0060,Wireless Mouse,Electronics,West,4,799,3209.56
ORD02667,2026-05-06,CUST0057,Bluetooth Speaker,Electronics,Central,1,1899,1909.14
ORD00272,2026-05-06,CUST0013,Whiteboard,Stationery,North,3,1499,4431.97
ORD02803,2026-05-07,CUST0135,Office Chair,Furniture,North,3,6499,19569.28
ORD00397,2026-05-07,CUST0045,Desk Lamp,Furniture,East,1,899,924.29
ORD02179,2026-05-07,CUST0021,Bluetooth Speaker,Electronics,Central,1,1899,1886.43
ORD00063,2026-05-07,CUST0141,Wireless Mouse,Electronics,South,1,799,765.77
ORD01133,2026-05-07,CUST0038,Water Bottle,Sportswear,North,2,449,914.89
ORD01049,2026-05-07,CUST0061,Bluetooth Speaker,Electronics,East,1,1899,1881.83
ORD00292,2026-05-07,CUST0165,Notebook Set,Stationery,North,3,199,606.2
ORD00403,2026-05-07,CUST0048,Standing Desk,Furniture,East,1,12999,13176.49
ORD02612,2026-05-08,CUST0009,Bluetooth Speaker,Electronics,South,1,1899,1844.11
ORD01375,2026-05-08,CUST0095,Sticky Notes Pack,Stationery,North,1,99,99.79
ORD00660,2026-05-08,CUST0075,Mechanical Keyboard,Electronics,West,4,2499,9643.37
ORD02482,2026-05-08,CUST0114,Mechanical Keyboard,Electronics,Central,1,2499,2401.24
ORD01990,2026-05-08,CUST0190,Sunglasses,Accessories,South,2,1299,2516.23
ORD02776,2026-05-09,CUST0003,Mechanical Keyboard,Electronics,South,1,2499,2515.74
ORD02368,2026-05-09,CUST0136,Whiteboard,Stationery,West,2,1499,3115.26
ORD00455,2026-05-09,CUST0039,Sticky Notes Pack,Stationery,North,1,99,101.97
ORD02105,2026-05-09,CUST0061,Sunglasses,Accessories,West,1,1299,1283.49
ORD01176,2026-05-09,CUST0145,USB-C Hub,Electronics,North,2,1299,2720.9
ORD02545,2026-05-09,CUST0080,Sunglasses,Accessories,Central,1,1299,1274.65
ORD01414,2026-05-09,CUST0036,Sticky Notes Pack,Stationery,East,6,99,588.08
ORD02854,2026-05-09,CUST0032,Office Chair,Furniture,North,1,6499,6381.96
ORD02749,2026-05-10,CUST0146,Whiteboard,Stationery,South,1,1499,1572.56
ORD01259,2026-05-10,CUST0123,Sticky Notes Pack,Stationery,North,4,99,401.17
ORD01420,2026-05-10,CUST0155,Wireless Mouse,Electronics,Central,1,799,812.73
ORD00466,2026-05-10,CUST0033,Desk Lamp,Furniture,North,4,899,3522.92
ORD01808,2026-05-10,CUST0194,Desk Lamp,Furniture,North,1,899,877.4
ORD02090,2026-05-10,CUST0159,Water Bottle,Sportswear,West,1,449,434.87
ORD00065,2026-05-11,CUST0189,Water Bottle,Sportswear,West,5,449,2151.5
ORD01039,2026-05-11,CUST0052,Water Bottle,Sportswear,Central,3,449,1305.42
ORD00214,2026-05-12,CUST0110,USB-C Hub,Electronics,South,1,1299,1312.44
ORD01683,2026-05-12,CUST0054,Running Shoes,Sportswear,North,3,3499,10086.84
ORD02802,2026-05-12,CUST0175,Sticky Notes Pack,Stationery,West,2,99,207.41
ORD01124,2026-05-12,CUST0147,Yoga Mat,Sportswear,East,2,999,2074.14
ORD02010,2026-05-12,CUST0153,Desk Lamp,Furniture,West,3,899,2787.96
ORD00147,2026-05-13,CUST0017,Running Shoes,Sportswear,East,4,3499,14456.35
ORD00523,2026-05-13,CUST0116,Water Bottle,Sportswear,North,4,449,1822.33
ORD01654,2026-05-13,CUST0049,USB-C Hub,Electronics,West,1,1299,1240.69
ORD02093,2026-05-13,CUST0008,Office Chair,Furniture,South,5,6499,30992.34
ORD00787,2026-05-13,CUST0070,Standing Desk,Furniture,South,2,12999,26484.66
ORD01431,2026-05-13,CUST0147,Wireless Mouse,Electronics,South,1,799,792.72
ORD01583,2026-05-13,CUST0134,Backpack,Accessories,Central,1,1999,2012.38
ORD00880,2026-05-13,CUST0015,Desk Lamp,Furniture,West,1,899,910.07
ORD00361,2026-05-14,CUST0004,Mechanical Keyboard,Electronics,Central,3,2499,7573.56
ORD01591,2026-05-14,CUST0148,Mechanical Keyboard,Electronics,East,1,2499,2470.83
ORD02322,2026-05-15,CUST0131,Bluetooth Speaker,Electronics,Central,1,1899,1962.87
ORD00273,2026-05-15,CUST0054,Bluetooth Speaker,Electronics,West,1,1899,1948.56
ORD02555,2026-05-15,CUST0133,Wireless Mouse,Electronics,Central,1,799,775.59
ORD02339,2026-05-15,CUST0186,Backpack,Accessories,Central,1,1999,1966.04
ORD02278,2026-05-16,CUST0092,USB-C Hub,Electronics,Central,2,1299,2695.74
ORD00317,2026-05-16,CUST0078,Notebook Set,Stationery,East,1,199,197.26
ORD00939,2026-05-16,CUST0022,Yoga Mat,Sportswear,East,4,999,4079.09
ORD01958,2026-05-16,CUST0117,Sunglasses,Accessories,South,2,1299,2653.77
ORD01349,2026-05-16,CUST0032,Backpack,Accessories,East,6,1999,11876.9
ORD02664,2026-05-17,CUST0035,Standing Desk,Furniture,East,1,12999,13058.19
ORD01887,2026-05-17,CUST0084,Office Chair,Furniture,East,3,6499,19381.06
ORD00673,2026-05-17,CUST0050,Backpack,Accessories,West,1,1999,1968.97
ORD00676,2026-05-17,CUST0054,Desk Lamp,Furniture,South,3,899,2827.19
ORD01314,2026-05-17,CUST0181,Yoga Mat,Sportswear,North,1,999,1014.44
ORD02063,2026-05-17,CUST0066,Sticky Notes Pack,Stationery,North,1,99,103.81
ORD02364,2026-05-17,CUST0169,Standing Desk,Furniture,South,3,12999,38537.4
ORD02498,2026-05-17,CUST0155,Standing Desk,Furniture,Central,6,12999,80718.09
ORD02579,2026-05-17,CUST0164,Sticky Notes Pack,Stationery,South,4,99,396.62
ORD01286,2026-05-18,CUST0073,Standing Desk,Furniture,West,1,12999,13614.75
ORD01156,2026-05-18,CUST0184,Desk Lamp,Furniture,East,1,899,926.48
ORD02508,2026-05-18,CUST0062,USB-C Hub,Electronics,South,1,1299,1347.38
ORD02712,2026-05-18,CUST0152,Office Chair,Furniture,North,3,6499,19493.39
ORD02887,2026-05-19,CUST0114,USB-C Hub,Electronics,Central,1,1299,1345.54
ORD02903,2026-05-20,CUST0195,Sunglasses,Accessories,South,2,1299,2699.97
ORD01173,2026-05-20,CUST0200,Backpack,Accessories,South,2,1999,4068.79
ORD00985,2026-05-21,CUST0105,Standing Desk,Furniture,South,2,12999,27201.43
ORD02873,2026-05-21,CUST0053,Mechanical Keyboard,Electronics,West,2,2499,5179.95
ORD00157,2026-05-21,CUST0020,USB-C Hub,Electronics,South,3,1299,3904.12
ORD01715,2026-05-21,CUST0181,Water Bottle,Sportswear,Central,1,449,427.39
ORD02740,2026-05-21,CUST0190,Mechanical Keyboard,Electronics,Central,4,2499,9919.61
ORD01576,2026-05-21,CUST0064,Backpack,Accessories,Central,3,1999,5956.97
ORD00840,2026-05-21,CUST0100,Sticky Notes Pack,Stationery,South,3,99,300.69
ORD01602,2026-05-22,CUST0092,USB-C Hub,Electronics,North,3,1299,3915.28
ORD01183,2026-05-22,CUST0070,Wireless Mouse,Electronics,South,4,799,3169.08
ORD02741,2026-05-23,CUST0200,Whiteboard,Stationery,North,1,1499,1567.04
ORD00879,2026-05-23,CUST0089,Mechanical Keyboard,Electronics,West,1,2499,2374.21
ORD00597,2026-05-23,CUST0087,Running Shoes,Sportswear,East,1,3499,3434.24
ORD01209,2026-05-23,CUST0161,Backpack,Accessories,South,1,1999,2023.54
ORD00083,2026-05-23,CUST0115,Bluetooth Speaker,Electronics,North,3,1899,5773.0
ORD01713,2026-05-23,CUST0112,Bluetooth Speaker,Electronics,East,4,1899,7739.99
ORD02930,2026-05-24,CUST0084,Bluetooth Speaker,Electronics,North,2,1899,3743.82
ORD00957,2026-05-24,CUST0149,Whiteboard,Stationery,Central,2,1499,3093.56
ORD02507,2026-05-25,CUST0007,Office Chair,Furniture,East,4,6499,26313.31
ORD02199,2026-05-25,CUST0111,Mechanical Keyboard,Electronics,South,1,2499,2485.81
ORD02626,2026-05-25,CUST0135,USB-C Hub,Electronics,North,1,1299,1267.0
ORD00952,2026-05-25,CUST0103,Running Shoes,Sportswear,East,1,3499,3350.44
ORD00250,2026-05-25,CUST0138,Desk Lamp,Furniture,South,2,899,1754.81
ORD02454,2026-05-26,CUST0132,Sunglasses,Accessories,North,1,1299,1308.53
ORD02353,2026-05-26,CUST0036,Backpack,Accessories,South,2,1999,3861.48
ORD00498,2026-05-26,CUST0004,Whiteboard,Stationery,North,2,1499,3038.75
ORD01506,2026-05-26,CUST0041,USB-C Hub,Electronics,South,1,1299,1326.73
ORD01300,2026-05-26,CUST0059,Water Bottle,Sportswear,East,1,449,467.71
ORD01597,2026-05-26,CUST0199,Backpack,Accessories,West,1,1999,1920.32
ORD02878,2026-05-27,CUST0163,Whiteboard,Stationery,Central,1,1499,1502.23
ORD02769,2026-05-27,CUST0110,Wireless Mouse,Electronics,South,1,799,760.02
ORD01554,2026-05-27,CUST0174,Standing Desk,Furniture,Central,1,12999,13031.09
ORD02486,2026-05-28,CUST0008,Standing Desk,Furniture,West,1,12999,13190.36
ORD00753,2026-05-28,CUST0088,Desk Lamp,Furniture,East,1,899,939.81
ORD02275,2026-05-28,CUST0141,Mechanical Keyboard,Electronics,South,2,2499,5231.21
ORD01290,2026-05-28,CUST0050,Sticky Notes Pack,Stationery,West,2,99,197.62
ORD02036,2026-05-28,CUST0050,Water Bottle,Sportswear,West,2,449,939.22
ORD01364,2026-05-28,CUST0091,Whiteboard,Stationery,South,5,1499,7307.53
ORD01088,2026-05-28,CUST0122,USB-C Hub,Electronics,South,2,1299,2477.24
ORD01282,2026-05-29,CUST0054,Yoga Mat,Sportswear,South,1,999,966.39
ORD01983,2026-05-29,CUST0038,Wireless Mouse,Electronics,West,2,799,1522.67
ORD00971,2026-05-29,CUST0133,Notebook Set,Stationery,East,2,199,380.71
ORD01170,2026-05-29,CUST0080,Mechanical Keyboard,Electronics,East,1,2499,2442.31
ORD02857,2026-05-29,CUST0139,Sticky Notes Pack,Stationery,East,4,99,387.47
ORD00716,2026-05-29,CUST0126,Backpack,Accessories,South,3,1999,6067.94
ORD00804,2026-05-29,CUST0148,Backpack,Accessories,Central,3,1999,5774.56
ORD00494,2026-05-30,CUST0171,Office Chair,Furniture,North,5,6499,33168.94
ORD02558,2026-05-30,CUST0163,Desk Lamp,Furniture,South,3,899,2726.52
ORD01765,2026-05-30,CUST0167,Mechanical Keyboard,Electronics,East,3,2499,7435.46
ORD01748,2026-05-30,CUST0031,Bluetooth Speaker,Electronics,South,1,1899,1937.92
ORD00700,2026-05-30,CUST0014,Sticky Notes Pack,Stationery,West,2,99,194.73
ORD01785,2026-05-30,CUST0185,USB-C Hub,Electronics,North,4,1299,4988.98
ORD02492,2026-05-30,CUST0042,Office Chair,Furniture,Central,5,6499,31621.95
ORD02475,2026-05-30,CUST0077,Standing Desk,Furniture,East,2,12999,26385.86
ORD02549,2026-05-30,CUST0017,Sunglasses,Accessories,South,3,1299,4066.28
ORD00852,2026-05-30,CUST0194,Sticky Notes Pack,Stationery,East,3,99,308.61
ORD01860,2026-05-31,CUST0099,Yoga Mat,Sportswear,South,6,999,5824.85
ORD01060,2026-05-31,CUST0056,Water Bottle,Sportswear,South,4,449,1751.82
ORD01789,2026-05-31,CUST0167,Water Bottle,Sportswear,North,1,449,428.04
ORD01248,2026-05-31,CUST0169,Office Chair,Furniture,Central,3,6499,19608.23
ORD00725,2026-05-31,CUST0132,Sticky Notes Pack,Stationery,South,1,99,100.16
ORD02827,2026-05-31,CUST0077,Water Bottle,Sportswear,East,1,449,449.44
ORD00034,2026-05-31,CUST0158,USB-C Hub,Electronics,Central,1,1299,1363.24
ORD02997,2026-05-31,CUST0067,Wireless Mouse,Electronics,West,1,799,807.54
ORD01581,2026-05-31,CUST0154,Mechanical Keyboard,Electronics,North,1,2499,2578.12
ORD01297,2026-06-01,CUST0013,USB-C Hub,Electronics,North,3,1299,3906.97
ORD00111,2026-06-01,CUST0047,Running Shoes,Sportswear,West,1,3499,3511.76
ORD02587,2026-06-01,CUST0059,Office Chair,Furniture,North,1,6499,6488.33
ORD01526,2026-06-01,CUST0011,Bluetooth Speaker,Electronics,Central,1,1899,1925.92
ORD00230,2026-06-01,CUST0050,Yoga Mat,Sportswear,East,1,999,1036.97
ORD00296,2026-06-01,CUST0179,Mechanical Keyboard,Electronics,Central,2,2499,5178.92
ORD00435,2026-06-01,CUST0050,Whiteboard,Stationery,North,2,1499,2954.79
ORD00701,2026-06-02,CUST0115,Desk Lamp,Furniture,South,4,899,3569.39
ORD02904,2026-06-02,CUST0048,Running Shoes,Sportswear,South,2,3499,7014.09
ORD00439,2026-06-02,CUST0197,Sticky Notes Pack,Stationery,South,1,99,98.05
ORD01929,2026-06-02,CUST0138,Mechanical Keyboard,Electronics,North,2,2499,4807.36
ORD01650,2026-06-03,CUST0046,Backpack,Accessories,West,1,1999,1928.51
ORD00789,2026-06-03,CUST0017,Water Bottle,Sportswear,West,1,449,439.56
ORD02405,2026-06-03,CUST0134,Notebook Set,Stationery,South,1,199,204.34
ORD01600,2026-06-03,CUST0042,Mechanical Keyboard,Electronics,Central,2,2499,4758.24
ORD00433,2026-06-03,CUST0124,Backpack,Accessories,North,4,1999,8135.15
ORD02696,2026-06-03,CUST0037,Running Shoes,Sportswear,Central,3,3499,10822.86
ORD00503,2026-06-03,CUST0037,Water Bottle,Sportswear,South,5,449,2177.77
ORD01373,2026-06-04,CUST0100,Sunglasses,Accessories,North,2,1299,2695.77
ORD00195,2026-06-04,CUST0119,Bluetooth Speaker,Electronics,Central,2,1899,3977.04
ORD00357,2026-06-04,CUST0098,Yoga Mat,Sportswear,East,3,999,3024.88
ORD00402,2026-06-04,CUST0050,Yoga Mat,Sportswear,East,2,999,2096.9
ORD02434,2026-06-04,CUST0100,Running Shoes,Sportswear,North,4,3499,14488.03
ORD00179,2026-06-05,CUST0117,Standing Desk,Furniture,South,1,12999,13195.96
ORD01242,2026-06-05,CUST0122,Notebook Set,Stationery,West,3,199,597.83
ORD02000,2026-06-05,CUST0180,Wireless Mouse,Electronics,South,1,799,776.11
ORD00989,2026-06-06,CUST0015,Sticky Notes Pack,Stationery,West,1,99,99.52
ORD00750,2026-06-06,CUST0098,Yoga Mat,Sportswear,West,2,999,1965.79
ORD02811,2026-06-06,CUST0055,Whiteboard,Stationery,West,4,1499,6137.18
ORD01347,2026-06-06,CUST0062,Yoga Mat,Sportswear,West,1,999,1031.81
ORD01590,2026-06-06,CUST0132,Office Chair,Furniture,Central,2,6499,12478.38
ORD00625,2026-06-07,CUST0022,Bluetooth Speaker,Electronics,South,1,1899,1899.67
ORD02617,2026-06-07,CUST0109,Standing Desk,Furniture,North,5,12999,68018.26
ORD02624,2026-06-07,CUST0021,Running Shoes,Sportswear,Central,5,3499,18057.53
ORD00606,2026-06-07,CUST0113,Standing Desk,Furniture,South,2,12999,26254.33
ORD02847,2026-06-07,CUST0132,Sticky Notes Pack,Stationery,Central,1,99,101.36
ORD02345,2026-06-07,CUST0125,Bluetooth Speaker,Electronics,West,5,1899,9708.64
ORD02791,2026-06-07,CUST0057,Wireless Mouse,Electronics,West,1,799,769.41
ORD02681,2026-06-08,CUST0160,Bluetooth Speaker,Electronics,West,2,1899,3751.8
ORD02927,2026-06-08,CUST0142,Sticky Notes Pack,Stationery,East,1,99,100.13
ORD02299,2026-06-08,CUST0090,Backpack,Accessories,North,2,1999,4106.52
ORD02257,2026-06-08,CUST0119,Mechanical Keyboard,Electronics,North,1,2499,2470.87
ORD01146,2026-06-09,CUST0128,USB-C Hub,Electronics,East,1,1299,1322.41
ORD02255,2026-06-09,CUST0038,Sticky Notes Pack,Stationery,West,4,99,406.93
ORD00520,2026-06-09,CUST0143,Water Bottle,Sportswear,Central,4,449,1788.51
ORD02363,2026-06-09,CUST0180,Whiteboard,Stationery,South,4,1499,5804.67
ORD02310,2026-06-09,CUST0138,Sunglasses,Accessories,North,2,1299,2478.85
ORD02700,2026-06-09,CUST0200,Bluetooth Speaker,Electronics,West,5,1899,9701.33
ORD00278,2026-06-10,CUST0055,USB-C Hub,Electronics,West,1,1299,1309.39
ORD02926,2026-06-10,CUST0047,Water Bottle,Sportswear,West,1,449,449.13
ORD01584,2026-06-11,CUST0096,Bluetooth Speaker,Electronics,South,1,1899,1880.33
ORD01619,2026-06-11,CUST0194,Mechanical Keyboard,Electronics,East,1,2499,2449.22
ORD00589,2026-06-11,CUST0149,Yoga Mat,Sportswear,South,1,999,951.52
ORD02849,2026-06-11,CUST0197,Wireless Mouse,Electronics,North,1,799,770.78
ORD01926,2026-06-11,CUST0125,Mechanical Keyboard,Electronics,North,1,2499,2463.11
ORD02333,2026-06-12,CUST0032,Standing Desk,Furniture,North,4,12999,50319.75
ORD02922,2026-06-12,CUST0156,USB-C Hub,Electronics,South,1,1299,1275.35
ORD01856,2026-06-12,CUST0163,Running Shoes,Sportswear,East,1,3499,3394.74
ORD01181,2026-06-12,CUST0161,Wireless Mouse,Electronics,South,1,799,769.43
ORD02919,2026-06-12,CUST0054,Backpack,Accessories,South,1,1999,1954.65
ORD01826,2026-06-12,CUST0126,Desk Lamp,Furniture,East,1,899,876.57
ORD01187,2026-06-12,CUST0147,Standing Desk,Furniture,North,3,12999,39898.23
ORD00693,2026-06-12,CUST0100,Yoga Mat,Sportswear,South,2,999,1921.19
ORD02875,2026-06-13,CUST0055,Whiteboard,Stationery,North,2,1499,2997.91
ORD02129,2026-06-13,CUST0132,USB-C Hub,Electronics,East,2,1299,2491.4
ORD00723,2026-06-13,CUST0011,Sticky Notes Pack,Stationery,South,1,99,97.24
ORD00781,2026-06-14,CUST0054,Running Shoes,Sportswear,South,1,3499,3627.76
ORD00681,2026-06-14,CUST0082,Desk Lamp,Furniture,East,2,899,1800.23
ORD01484,2026-06-14,CUST0072,Desk Lamp,Furniture,West,1,899,858.83
ORD00541,2026-06-14,CUST0200,Office Chair,Furniture,East,4,6499,25545.74
ORD01439,2026-06-14,CUST0193,Sticky Notes Pack,Stationery,Central,3,99,308.74
ORD01770,2026-06-14,CUST0194,Yoga Mat,Sportswear,East,1,999,960.33
ORD01228,2026-06-14,CUST0159,Water Bottle,Sportswear,West,1,449,464.83
ORD02738,2026-06-14,CUST0179,Mechanical Keyboard,Electronics,South,1,2499,2443.09
ORD01622,2026-06-15,CUST0110,Yoga Mat,Sportswear,Central,5,999,5013.3
ORD01270,2026-06-15,CUST0013,Yoga Mat,Sportswear,Central,1,999,1039.4
ORD01399,2026-06-15,CUST0005,Sunglasses,Accessories,Central,2,1299,2710.37
ORD02437,2026-06-15,CUST0075,Desk Lamp,Furniture,West,1,899,916.27
ORD02570,2026-06-15,CUST0117,Standing Desk,Furniture,South,1,12999,12690.31
ORD01687,2026-06-16,CUST0004,Standing Desk,Furniture,West,1,12999,12859.86
ORD01316,2026-06-16,CUST0156,Wireless Mouse,Electronics,Central,2,799,1620.97
ORD01880,2026-06-17,CUST0161,USB-C Hub,Electronics,South,2,1299,2612.76
ORD00381,2026-06-17,CUST0048,Bluetooth Speaker,Electronics,West,2,1899,3744.85
ORD02349,2026-06-17,CUST0133,Sticky Notes Pack,Stationery,North,1,99,95.48
ORD01816,2026-06-17,CUST0175,Bluetooth Speaker,Electronics,West,1,1899,1864.49
ORD00355,2026-06-17,CUST0125,Yoga Mat,Sportswear,East,2,999,2014.58
ORD02395,2026-06-17,CUST0086,Yoga Mat,Sportswear,West,3,999,3132.16
ORD01989,2026-06-17,CUST0133,Sunglasses,Accessories,East,4,1299,5254.64
ORD01783,2026-06-18,CUST0104,Wireless Mouse,Electronics,North,8,799,6493.39
ORD02396,2026-06-18,CUST0077,Water Bottle,Sportswear,South,1,449,465.53
ORD00560,2026-06-18,CUST0003,Wireless Mouse,Electronics,North,2,799,1676.36
ORD02397,2026-06-18,CUST0186,Notebook Set,Stationery,South,1,199,193.95
ORD01854,2026-06-18,CUST0009,Running Shoes,Sportswear,South,3,3499,10512.69
ORD02375,2026-06-19,CUST0192,Sunglasses,Accessories,Central,3,1299,3847.63
ORD02693,2026-06-19,CUST0092,Notebook Set,Stationery,Central,3,199,615.25
ORD02323,2026-06-19,CUST0134,Desk Lamp,Furniture,Central,1,899,909.71
ORD02114,2026-06-19,CUST0085,USB-C Hub,Electronics,West,3,1299,3795.46
ORD00948,2026-06-19,CUST0140,USB-C Hub,Electronics,South,1,1299,1335.74
ORD00462,2026-06-19,CUST0153,Whiteboard,Stationery,Central,1,1499,1548.25
ORD01280,2026-06-19,CUST0064,Backpack,Accessories,North,1,1999,2002.31
ORD01350,2026-06-20,CUST0099,USB-C Hub,Electronics,West,2,1299,2492.27
ORD00380,2026-06-20,CUST0025,Yoga Mat,Sportswear,North,1,999,1016.59
ORD00279,2026-06-20,CUST0063,Mechanical Keyboard,Electronics,East,2,2499,4909.09
ORD01293,2026-06-20,CUST0032,Standing Desk,Furniture,Central,3,12999,38672.13
ORD02346,2026-06-21,CUST0033,Running Shoes,Sportswear,South,1,3499,3450.93
ORD00876,2026-06-21,CUST0001,Mechanical Keyboard,Electronics,East,2,2499,5157.55
ORD00119,2026-06-21,CUST0017,Sticky Notes Pack,Stationery,East,2,99,202.7
ORD00713,2026-06-21,CUST0200,Sticky Notes Pack,Stationery,Central,1,99,97.89
ORD01205,2026-06-21,CUST0071,Sticky Notes Pack,Stationery,North,3,99,291.45
ORD01833,2026-06-21,CUST0189,Water Bottle,Sportswear,West,3,449,1318.63
ORD00611,2026-06-22,CUST0164,Whiteboard,Stationery,East,1,1499,1474.91
ORD02391,2026-06-22,CUST0011,Wireless Mouse,Electronics,Central,1,799,775.19
ORD00715,2026-06-22,CUST0154,Whiteboard,Stationery,East,1,1499,1569.04
ORD02048,2026-06-22,CUST0166,Backpack,Accessories,West,2,1999,4034.81
ORD02931,2026-06-22,CUST0164,Bluetooth Speaker,Electronics,Central,1,1899,1973.36
ORD01424,2026-06-22,CUST0075,Standing Desk,Furniture,East,1,12999,12943.84
ORD00710,2026-06-22,CUST0131,Whiteboard,Stationery,South,2,1499,3096.75
ORD01437,2026-06-23,CUST0106,Sticky Notes Pack,Stationery,West,2,99,198.03
ORD01072,2026-06-23,CUST0032,Standing Desk,Furniture,North,2,12999,26189.06
ORD02289,2026-06-23,CUST0058,Standing Desk,Furniture,South,2,12999,25008.11
ORD02267,2026-06-24,CUST0186,Desk Lamp,Furniture,Central,3,899,2568.18
ORD02484,2026-06-24,CUST0027,Running Shoes,Sportswear,East,1,3499,3407.84
ORD02465,2026-06-24,CUST0018,Water Bottle,Sportswear,South,1,449,446.71
ORD01645,2026-06-24,CUST0190,USB-C Hub,Electronics,North,2,1299,2718.22
ORD00640,2026-06-24,CUST0037,Running Shoes,Sportswear,South,1,3499,3387.46
ORD00327,2026-06-24,CUST0162,Bluetooth Speaker,Electronics,East,2,1899,3969.11
ORD01524,2026-06-24,CUST0103,Sticky Notes Pack,Stationery,East,1,99,99.36
ORD01379,2026-06-25,CUST0071,Water Bottle,Sportswear,Central,2,449,928.0
ORD01268,2026-06-25,CUST0026,Sunglasses,Accessories,South,1,1299,1242.31
ORD00870,2026-06-25,CUST0090,USB-C Hub,Electronics,South,2,1299,2499.69
ORD00623,2026-06-25,CUST0172,Wireless Mouse,Electronics,South,2,799,1521.95
ORD02672,2026-06-25,CUST0029,Standing Desk,Furniture,North,1,12999,12638.21
ORD02638,2026-06-25,CUST0146,Running Shoes,Sportswear,West,2,3499,7276.57
ORD00821,2026-06-25,CUST0042,USB-C Hub,Electronics,West,3,1299,4050.2
ORD02240,2026-06-25,CUST0138,USB-C Hub,Electronics,East,3,1299,3957.84
ORD02576,2026-06-26,CUST0029,Running Shoes,Sportswear,East,1,3499,3543.26
ORD00620,2026-06-26,CUST0199,Backpack,Accessories,Central,3,1999,5881.24
ORD02448,2026-06-26,CUST0146,Water Bottle,Sportswear,North,1,449,430.0
ORD01435,2026-06-26,CUST0152,Bluetooth Speaker,Electronics,West,4,1899,7812.4
ORD00351,2026-06-26,CUST0101,Sticky Notes Pack,Stationery,East,1,99,103.51
ORD01736,2026-06-26,CUST0025,Sticky Notes Pack,Stationery,West,2,99,200.46
ORD01731,2026-06-26,CUST0008,Mechanical Keyboard,Electronics,South,6,2499,14635.83
ORD01830,2026-06-26,CUST0158,Desk Lamp,Furniture,Central,2,899,1809.73
ORD00798,2026-06-27,CUST0191,Running Shoes,Sportswear,West,1,3499,3649.33
ORD01174,2026-06-27,CUST0174,Standing Desk,Furniture,South,5,12999,63240.68
ORD00244,2026-06-27,CUST0130,Backpack,Accessories,West,3,1999,5707.76
ORD02541,2026-06-28,CUST0176,Backpack,Accessories,South,4,1999,7981.15
ORD02020,2026-06-28,CUST0112,Desk Lamp,Furniture,East,1,899,916.89
ORD00733,2026-06-28,CUST0180,Sticky Notes Pack,Stationery,Central,1,99,94.41
ORD00306,2026-06-28,CUST0004,Whiteboard,Stationery,West,5,1499,7595.94
ORD02814,2026-06-28,CUST0029,Notebook Set,Stationery,South,1,199,196.74
ORD00429,2026-06-28,CUST0078,Bluetooth Speaker,Electronics,South,1,1899,1963.38
ORD02625,2026-06-29,CUST0190,Notebook Set,Stationery,East,2,199,393.96
ORD01351,2026-06-29,CUST0140,Water Bottle,Sportswear,East,3,449,1399.57
ORD02686,2026-06-29,CUST0160,Backpack,Accessories,North,1,1999,1933.19
ORD00738,2026-06-30,CUST0112,Office Chair,Furniture,Central,1,6499,6285.78
ORD00410,2026-06-30,CUST0148,USB-C Hub,Electronics,Central,2,1299,2633.19
ORD00105,2026-07-01,CUST0014,Wireless Mouse,Electronics,West,3,799,2467.78
ORD01852,2026-07-01,CUST0110,Standing Desk,Furniture,Central,1,12999,12566.19
ORD02202,2026-07-01,CUST0164,Sticky Notes Pack,Stationery,North,2,99,190.63
ORD00014,2026-07-01,CUST0027,Wireless Mouse,Electronics,North,4,799,3118.04
ORD02206,2026-07-01,CUST0142,Desk Lamp,Furniture,South,2,899,1885.18
ORD01961,2026-07-01,CUST0085,Mechanical Keyboard,Electronics,South,3,2499,7788.11
ORD01201,2026-07-01,CUST0063,Wireless Mouse,Electronics,North,3,799,2307.6
ORD00365,2026-07-01,CUST0071,Notebook Set,Stationery,East,3,199,626.53
ORD01730,2026-07-02,CUST0022,Desk Lamp,Furniture,South,2,899,1751.65
ORD02869,2026-07-02,CUST0027,Water Bottle,Sportswear,Central,4,449,1882.73
ORD02074,2026-07-02,CUST0100,Running Shoes,Sportswear,North,1,3499,3549.68
ORD01247,2026-07-03,CUST0008,Standing Desk,Furniture,North,1,12999,12982.86
ORD00456,2026-07-03,CUST0002,Whiteboard,Stationery,Central,1,1499,1542.08
ORD02762,2026-07-03,CUST0142,Running Shoes,Sportswear,East,4,3499,13865.47
ORD00191,2026-07-03,CUST0093,Notebook Set,Stationery,North,2,199,405.17
ORD00260,2026-07-04,CUST0136,Sunglasses,Accessories,North,1,1299,1359.78
ORD00454,2026-07-04,CUST0065,Sunglasses,Accessories,East,3,1299,3942.51
ORD00114,2026-07-04,CUST0190,Standing Desk,Furniture,South,3,12999,39333.27
ORD01356,2026-07-04,CUST0187,USB-C Hub,Electronics,East,2,1299,2668.73
ORD02053,2026-07-04,CUST0097,Bluetooth Speaker,Electronics,North,3,1899,5600.35
ORD00516,2026-07-05,CUST0053,Notebook Set,Stationery,East,2,199,400.82
ORD00925,2026-07-05,CUST0132,Office Chair,Furniture,Central,2,6499,12594.98
ORD02308,2026-07-05,CUST0074,Standing Desk,Furniture,West,1,12999,13298.97
ORD01272,2026-07-05,CUST0130,Mechanical Keyboard,Electronics,East,1,2499,2571.65
ORD02651,2026-07-05,CUST0104,Office Chair,Furniture,East,2,6499,12660.47
ORD01907,2026-07-05,CUST0128,Running Shoes,Sportswear,North,3,3499,10176.13
ORD00248,2026-07-06,CUST0164,Wireless Mouse,Electronics,West,1,799,772.93
ORD00134,2026-07-06,CUST0004,Mechanical Keyboard,Electronics,South,2,2499,5165.4
ORD01454,2026-07-07,CUST0045,Sunglasses,Accessories,Central,5,1299,6681.36
ORD02392,2026-07-07,CUST0172,Office Chair,Furniture,Central,1,6499,6253.41
ORD00196,2026-07-07,CUST0014,Backpack,Accessories,North,1,1999,1980.01
ORD02760,2026-07-07,CUST0070,Bluetooth Speaker,Electronics,Central,2,1899,3698.69
ORD02874,2026-07-07,CUST0103,Running Shoes,Sportswear,East,1,3499,3592.66
ORD02022,2026-07-07,CUST0019,Wireless Mouse,Electronics,East,1,799,799.76
ORD01822,2026-07-07,CUST0200,USB-C Hub,Electronics,South,2,1299,2483.02
ORD02087,2026-07-07,CUST0137,Water Bottle,Sportswear,West,3,449,1411.38
ORD00382,2026-07-07,CUST0105,USB-C Hub,Electronics,West,1,1299,1281.95
ORD00354,2026-07-08,CUST0174,Mechanical Keyboard,Electronics,West,1,2499,2388.46
ORD02537,2026-07-08,CUST0176,USB-C Hub,Electronics,Central,1,1299,1353.55
ORD01491,2026-07-09,CUST0179,Bluetooth Speaker,Electronics,East,2,1899,3697.05
ORD01271,2026-07-09,CUST0119,Running Shoes,Sportswear,Central,3,3499,10652.91
ORD00432,2026-07-09,CUST0057,Sticky Notes Pack,Stationery,Central,3,99,306.4
ORD02365,2026-07-09,CUST0132,Water Bottle,Sportswear,South,1,449,468.39
ORD00009,2026-07-10,CUST0190,Mechanical Keyboard,Electronics,Central,3,2499,7549.81
ORD02026,2026-07-10,CUST0182,Standing Desk,Furniture,West,1,12999,12678.58
ORD02970,2026-07-10,CUST0074,Yoga Mat,Sportswear,West,1,999,953.19
ORD01903,2026-07-10,CUST0074,Mechanical Keyboard,Electronics,Central,1,2499,2437.71
ORD00846,2026-07-11,CUST0067,Whiteboard,Stationery,South,1,1499,1534.13
ORD02324,2026-07-11,CUST0101,USB-C Hub,Electronics,Central,1,1299,1235.95
ORD01237,2026-07-11,CUST0142,Whiteboard,Stationery,North,2,1499,2926.45
ORD00018,2026-07-11,CUST0075,Backpack,Accessories,South,3,1999,6232.42
ORD01019,2026-07-12,CUST0052,Standing Desk,Furniture,North,3,12999,38525.16
ORD02144,2026-07-12,CUST0102,Notebook Set,Stationery,Central,1,199,199.81
ORD02539,2026-07-12,CUST0133,Desk Lamp,Furniture,South,1,899,917.62
ORD01479,2026-07-12,CUST0066,Wireless Mouse,Electronics,North,2,799,1617.98
ORD02986,2026-07-12,CUST0081,Running Shoes,Sportswear,North,1,3499,3555.69
ORD00178,2026-07-12,CUST0084,Sunglasses,Accessories,West,1,1299,1250.31
ORD01285,2026-07-12,CUST0054,Whiteboard,Stationery,West,1,1499,1463.51
ORD02029,2026-07-13,CUST0124,Whiteboard,Stationery,South,2,1499,3099.38
ORD01341,2026-07-13,CUST0198,Office Chair,Furniture,South,1,6499,6536.0
ORD00582,2026-07-13,CUST0050,Yoga Mat,Sportswear,East,4,999,3911.22
ORD00836,2026-07-13,CUST0017,Desk Lamp,Furniture,West,1,899,869.53
ORD00358,2026-07-13,CUST0005,Yoga Mat,Sportswear,North,1,999,1023.56
ORD02225,2026-07-13,CUST0086,Office Chair,Furniture,East,4,6499,25170.88
ORD02604,2026-07-13,CUST0083,Desk Lamp,Furniture,East,1,899,867.72
ORD02941,2026-07-13,CUST0178,Backpack,Accessories,South,1,1999,2070.25
ORD02736,2026-07-13,CUST0095,Mechanical Keyboard,Electronics,East,1,2499,2398.97
ORD02112,2026-07-13,CUST0163,Office Chair,Furniture,South,1,6499,6751.87
ORD00446,2026-07-14,CUST0025,Office Chair,Furniture,Central,1,6499,6629.72
ORD00345,2026-07-14,CUST0152,Sticky Notes Pack,Stationery,South,1,99,97.94
ORD00671,2026-07-14,CUST0191,USB-C Hub,Electronics,Central,1,1299,1343.02
ORD01465,2026-07-14,CUST0056,Whiteboard,Stationery,Central,4,1499,5704.64
ORD00962,2026-07-14,CUST0171,Sunglasses,Accessories,North,1,1299,1266.78
ORD02640,2026-07-14,CUST0198,Backpack,Accessories,East,1,1999,1983.79
ORD01486,2026-07-14,CUST0129,Standing Desk,Furniture,South,1,12999,12892.99
ORD00424,2026-07-14,CUST0065,Bluetooth Speaker,Electronics,North,1,1899,1910.41
ORD01118,2026-07-15,CUST0171,Whiteboard,Stationery,Central,2,1499,3115.06
ORD02281,2026-07-15,CUST0065,Sunglasses,Accessories,Central,3,1299,3858.56
ORD02378,2026-07-15,CUST0034,Sticky Notes Pack,Stationery,South,1,99,94.22
ORD02768,2026-07-15,CUST0037,Running Shoes,Sportswear,West,4,3499,13496.19
ORD02321,2026-07-15,CUST0119,Mechanical Keyboard,Electronics,West,1,2499,2613.2
ORD01068,2026-07-15,CUST0043,Yoga Mat,Sportswear,North,1,999,974.69
ORD01167,2026-07-15,CUST0182,Whiteboard,Stationery,Central,1,1499,1464.6
ORD01069,2026-07-16,CUST0161,Bluetooth Speaker,Electronics,East,1,1899,1887.96
ORD02660,2026-07-16,CUST0059,Desk Lamp,Furniture,North,2,899,1744.29
ORD01083,2026-07-16,CUST0164,Wireless Mouse,Electronics,East,3,799,2329.12
ORD00970,2026-07-16,CUST0116,Mechanical Keyboard,Electronics,North,1,2499,2590.21
ORD00425,2026-07-17,CUST0167,Bluetooth Speaker,Electronics,East,2,1899,3676.54
ORD00496,2026-07-17,CUST0146,Office Chair,Furniture,East,5,6499,32348.01
ORD02850,2026-07-17,CUST0056,Mechanical Keyboard,Electronics,Central,1,2499,2554.69
ORD02297,2026-07-17,CUST0190,Backpack,Accessories,South,1,1999,1920.44
ORD01095,2026-07-18,CUST0187,Sticky Notes Pack,Stationery,South,1,99,94.13
ORD00016,2026-07-18,CUST0171,Water Bottle,Sportswear,Central,2,449,889.95
ORD01569,2026-07-18,CUST0096,USB-C Hub,Electronics,Central,2,1299,2479.66
ORD02527,2026-07-18,CUST0052,Whiteboard,Stationery,East,3,1499,4515.31
ORD01096,2026-07-18,CUST0141,Mechanical Keyboard,Electronics,North,1,2499,2553.09
ORD01372,2026-07-19,CUST0077,Sticky Notes Pack,Stationery,West,2,99,189.09
ORD02877,2026-07-19,CUST0096,Sunglasses,Accessories,Central,7,1299,8686.07
ORD01652,2026-07-19,CUST0064,Office Chair,Furniture,North,1,6499,6728.51
ORD02328,2026-07-20,CUST0188,Mechanical Keyboard,Electronics,Central,1,2499,2543.76
ORD01216,2026-07-20,CUST0190,Mechanical Keyboard,Electronics,Central,1,2499,2493.86
ORD00667,2026-07-20,CUST0071,Notebook Set,Stationery,North,3,199,613.91
ORD02518,2026-07-20,CUST0002,Backpack,Accessories,South,2,1999,4016.84
ORD00037,2026-07-20,CUST0175,Sticky Notes Pack,Stationery,South,1,99,96.12
ORD00364,2026-07-20,CUST0194,Sticky Notes Pack,Stationery,North,1,99,97.01
ORD00598,2026-07-20,CUST0020,Notebook Set,Stationery,East,1,199,190.36
ORD02950,2026-07-20,CUST0076,Sunglasses,Accessories,Central,3,1299,4037.93
ORD01327,2026-07-20,CUST0151,Backpack,Accessories,East,2,1999,4174.56
ORD01690,2026-07-21,CUST0185,Whiteboard,Stationery,North,3,1499,4653.76
ORD02912,2026-07-21,CUST0140,Wireless Mouse,Electronics,West,2,799,1566.63
ORD00005,2026-07-21,CUST0021,Bluetooth Speaker,Electronics,North,1,1899,1919.42
ORD00497,2026-07-21,CUST0169,Standing Desk,Furniture,East,2,12999,25998.93
ORD02893,2026-07-21,CUST0066,Running Shoes,Sportswear,West,2,3499,6653.74
ORD01359,2026-07-22,CUST0062,Whiteboard,Stationery,North,5,1499,7738.83
ORD00691,2026-07-22,CUST0035,Desk Lamp,Furniture,South,1,899,860.39
ORD01949,2026-07-22,CUST0028,Running Shoes,Sportswear,South,1,3499,3457.52
ORD01062,2026-07-22,CUST0114,Sunglasses,Accessories,West,1,1299,1258.92
ORD01368,2026-07-22,CUST0129,Water Bottle,Sportswear,North,3,449,1361.04
ORD00508,2026-07-22,CUST0036,Yoga Mat,Sportswear,Central,2,999,1958.54
ORD02213,2026-07-22,CUST0036,Desk Lamp,Furniture,North,3,899,2640.24
ORD01513,2026-07-23,CUST0112,Sticky Notes Pack,Stationery,West,4,99,395.69
ORD02296,2026-07-23,CUST0188,Bluetooth Speaker,Electronics,West,3,1899,5973.75
ORD02504,2026-07-23,CUST0149,Standing Desk,Furniture,North,1,12999,12965.91
ORD00918,2026-07-23,CUST0199,Sticky Notes Pack,Stationery,Central,1,99,97.91
ORD02382,2026-07-23,CUST0085,Desk Lamp,Furniture,South,3,899,2737.49
ORD02657,2026-07-23,CUST0158,Desk Lamp,Furniture,West,1,899,925.59
ORD01451,2026-07-23,CUST0166,Standing Desk,Furniture,East,2,12999,24745.78
ORD02011,2026-07-23,CUST0013,Mechanical Keyboard,Electronics,South,1,2499,2527.31
ORD00844,2026-07-24,CUST0097,Whiteboard,Stationery,West,1,1499,1486.06
ORD01504,2026-07-24,CUST0054,Sunglasses,Accessories,East,5,1299,6790.86
ORD00457,2026-07-24,CUST0018,Running Shoes,Sportswear,South,4,3499,14393.47
ORD00506,2026-07-24,CUST0160,Mechanical Keyboard,Electronics,West,1,2499,2609.55
ORD01218,2026-07-24,CUST0126,Yoga Mat,Sportswear,North,1,999,959.58
ORD01948,2026-07-25,CUST0148,Office Chair,Furniture,Central,1,6499,6644.99
ORD02428,2026-07-25,CUST0055,Whiteboard,Stationery,Central,2,1499,2924.06
ORD00333,2026-07-25,CUST0147,Desk Lamp,Furniture,East,1,899,914.77
ORD02523,2026-07-25,CUST0055,Running Shoes,Sportswear,North,1,3499,3500.45
ORD01671,2026-07-25,CUST0189,Bluetooth Speaker,Electronics,West,1,1899,1916.95
ORD00482,2026-07-25,CUST0144,Desk Lamp,Furniture,East,2,899,1736.63
ORD02393,2026-07-25,CUST0073,Notebook Set,Stationery,South,2,199,404.86
ORD02629,2026-07-26,CUST0076,Bluetooth Speaker,Electronics,East,5,1899,9857.37
ORD02113,2026-07-26,CUST0165,Standing Desk,Furniture,West,2,12999,26791.66
ORD00542,2026-07-27,CUST0037,Office Chair,Furniture,East,1,6499,6223.22
ORD01191,2026-07-27,CUST0133,USB-C Hub,Electronics,South,1,1299,1305.64
ORD01080,2026-07-27,CUST0011,Desk Lamp,Furniture,North,2,899,1869.0
ORD02049,2026-07-27,CUST0161,Sticky Notes Pack,Stationery,South,1,99,94.69
ORD01753,2026-07-27,CUST0139,Yoga Mat,Sportswear,Central,3,999,2857.37
ORD00158,2026-07-27,CUST0013,Running Shoes,Sportswear,Central,3,3499,10828.53
ORD00342,2026-07-28,CUST0038,Wireless Mouse,Electronics,West,1,799,824.31
ORD00689,2026-07-28,CUST0146,Backpack,Accessories,South,5,1999,9834.4
ORD00479,2026-07-28,CUST0062,Bluetooth Speaker,Electronics,North,4,1899,7381.54
ORD00765,2026-07-28,CUST0141,Sunglasses,Accessories,North,3,1299,3921.14
ORD01552,2026-07-29,CUST0052,USB-C Hub,Electronics,North,1,1299,1284.65
ORD01425,2026-07-29,CUST0171,Yoga Mat,Sportswear,Central,2,999,2043.27
ORD01623,2026-07-29,CUST0157,Bluetooth Speaker,Electronics,East,3,1899,5830.38
ORD02932,2026-07-29,CUST0057,Water Bottle,Sportswear,West,5,449,2207.62
ORD00042,2026-07-29,CUST0070,Backpack,Accessories,East,2,1999,3813.03
ORD00734,2026-07-30,CUST0084,Desk Lamp,Furniture,East,2,899,1783.92
ORD02151,2026-07-30,CUST0187,Notebook Set,Stationery,West,2,199,412.83
ORD02178,2026-07-30,CUST0186,Wireless Mouse,Electronics,Central,1,799,794.3
ORD00483,2026-07-30,CUST0013,Sticky Notes Pack,Stationery,East,3,99,296.23
ORD01114,2026-07-30,CUST0121,Running Shoes,Sportswear,South,3,3499,10697.1
ORD01487,2026-07-30,CUST0198,Notebook Set,Stationery,East,2,199,398.52
ORD02266,2026-07-30,CUST0046,Desk Lamp,Furniture,West,2,899,1762.04
ORD00348,2026-07-30,CUST0178,Office Chair,Furniture,Central,4,6499,25131.27
